id,word,pinyin,pos,meaning_ko
"1-5401","挨","āi","动、介",""
"1-5402","挨家挨户","āijiā-āihù","",""
"1-5403","哀求","āiqiú","动",""
"1-5404","挨","ái","动",""
"1-5405","癌","ái","名",""
"1-5406","癌症","áizhèng","名",""
"1-5407","爱不释手","àibúshìshǒu","",""
"1-5408","爱戴","àidài","动",""
"1-5409","暧昧","àimèi","形",""
"1-5410","爱慕","àimù","动",""
"1-5411","碍事","àishì","动、形",""
"1-5412","爱惜","àixī","动",""
"1-5413","艾滋病","àizībìng","名",""
"1-5414","安定","āndìng","形、动",""
"1-5415","安抚","ānfǔ","动",""
"1-5416","安眠药","ānmiányào","名",""
"1-5417","安宁","ānníng","形",""
"1-5418","安稳","ānwěn","形",""
"1-5419","安详","ānxiáng","形",""
"1-5420","安心","ānxīn","形",""
"1-5421","安逸","ānyì","形",""
"1-5422","安置","ānzhì","动",""
"1-5423","暗地里","àndìlǐ","名",""
"1-5424","案件","ànjiàn","名",""
"1-5425","按理","ànlǐ","副",""
"1-5426","按钮","ànniǔ","名",""
"1-5427","按说","ànshuō","副",""
"1-5428","暗中","ànzhōng","名",""
"1-5429","凹","āo","形",""
"1-5430","熬","áo","动",""
"1-5431","傲","ào","形",""
"1-5432","傲慢","àomàn","形",""
"1-5433","奥秘","àomì","名",""
"1-5434","扒","bā","动",""
"1-5435","疤","bā","名",""
"1-5436","巴不得","bābudé","动",""
"1-5437","八成","bāchéng","数量、副",""
"1-5438","八卦","bāguà","名、形",""
"1-5439","巴结","bājie","动",""
"1-5440","芭蕾","bālěi","名",""
"1-5441","巴掌","bāzhang","名",""
"1-5442","拔","bá","动",""
"1-5443","把柄","bǎbǐng","名",""
"1-5444","把关","bǎguān","动",""
"1-5445","把手","bǎshou","名",""
"1-5446","靶子","bǎzi","名",""
"1-5447","坝","bà","名",""
"1-5448","霸道","bàdào","形",""
"1-5449","罢工","bàgōng","动",""
"1-5450","罢了","bàle","助",""
"1-5451","罢免","bàmiǎn","动",""
"1-5452","罢休","bàxiū","动",""
"1-5453","霸占","bàzhàn","动",""
"1-5454","掰","bāi","动",""
"1-5455","百般","bǎibān","副、数量",""
"1-5456","摆动","bǎidòng","动",""
"1-5457","百分比","bǎifēnbǐ","名",""
"1-5458","百合","bǎihé","名",""
"1-5459","百科全书","bǎikē quánshū","",""
"1-5460","摆平","bǎipíng","动",""
"1-5461","摆设","bǎishe","名",""
"1-5462","柏树","bǎishù","名",""
"1-5463","败坏","bàihuài","动、形",""
"1-5464","拜会","bàihuì","动",""
"1-5465","拜见","bàijiàn","动",""
"1-5466","拜托","bàituō","动",""
"1-5467","扳","bān","动",""
"1-5468","颁布","bānbù","动",""
"1-5469","斑点","bāndiǎn","名",""
"1-5470","颁发","bānfā","动",""
"1-5471","颁奖","bānjiǎng","动",""
"1-5472","斑马线","bānmǎxiàn","名",""
"1-5473","搬迁","bānqiān","动",""
"1-5474","板块","bǎnkuài","名",""
"1-5475","版权","bǎnquán","名",""
"1-5476","扮","bàn","动",""
"1-5477","伴","bàn","名、动",""
"1-5478","拌","bàn","动",""
"1-5479","绊","bàn","动",""
"1-5480","半边天","bànbiāntiān","名",""
"1-5481","半岛","bàndǎo","名",""
"1-5482","半导体","bàndǎotǐ","名",""
"1-5483","绊脚石","bànjiǎoshí","名",""
"1-5484","半径","bànjìng","名",""
"1-5485","伴侣","bànlǚ","名",""
"1-5486","办事处","bànshìchù","名",""
"1-5487","半数","bànshù","名",""
"1-5488","半途而废","bàntú’érfèi","",""
"1-5489","半信半疑","bànxìn-bànyí","",""
"1-5490","办学","bànxué","动",""
"1-5491","伴奏","bànzòu","动",""
"1-5492","帮手","bāngshou","名",""
"1-5493","绑","bǎng","动",""
"1-5494","绑架","bǎngjià","动",""
"1-5495","磅","bàng","量、名",""
"1-5496","煲","bāo","名、动",""
"1-5497","剥","bāo","动",""
"1-5498","包庇","bāobì","动",""
"1-5499","褒贬","bāobiǎn","动",""
"1-5500","包袱","bāofu","名",""
"1-5501","包罗万象","bāoluó-wànxiàng","",""
"1-5502","包容","bāoróng","动",""
"1-5503","包围","bāowéi","动",""
"1-5504","包扎","bāozā","动",""
"1-5505","饱和","bǎohé","动",""
"1-5506","饱经沧桑","bǎojīng-cāngsāng","",""
"1-5507","宝库","bǎokù","名",""
"1-5508","堡垒","bǎolěi","名",""
"1-5509","饱满","bǎomǎn","形",""
"1-5510","保密","bǎomì","动",""
"1-5511","保姆","bǎomǔ","名",""
"1-5512","宝石","bǎoshí","名",""
"1-5513","保守","bǎoshǒu","动、形",""
"1-5514","保卫","bǎowèi","动",""
"1-5515","保鲜","bǎoxiān","动",""
"1-5516","保养","bǎoyǎng","动",""
"1-5517","保佑","bǎoyòu","动",""
"1-5518","宝藏","bǎozàng","名",""
"1-5519","保重","bǎozhòng","动",""
"1-5520","报","bào","动",""
"1-5521","豹","bào","名",""
"1-5522","报案","bào’àn","动",""
"1-5523","报酬","bàochou","名",""
"1-5524","报仇","bàochóu","动",""
"1-5525","报答","bàodá","动",""
"1-5526","报废","bàofèi","动",""
"1-5527","暴风骤雨","bàofēng-zhòuyǔ","",""
"1-5528","报复","bàofù","动",""
"1-5529","抱负","bàofù","名",""
"1-5530","曝光","bàoguāng","动",""
"1-5531","暴利","bàolì","名",""
"1-5532","爆满","bàomǎn","动",""
"1-5533","报销","bàoxiāo","动",""
"1-5534","暴躁","bàozào","形",""
"1-5535","爆竹","bàozhú","名",""
"1-5536","碑","bēi","名",""
"1-5537","悲哀","bēi’āi","形",""
"1-5538","卑鄙","bēibǐ","形",""
"1-5539","悲惨","bēicǎn","形",""
"1-5540","背负","bēifù","动",""
"1-5541","悲欢离合","bēihuān-líhé","",""
"1-5542","悲痛","bēitòng","形",""
"1-5543","卑微","bēiwēi","形",""
"1-5544","备","bèi","动、副",""
"1-5545","备份","bèifèn","名、动",""
"1-5546","被告","bèigào","名",""
"1-5547","贝壳","bèiké","名",""
"1-5548","备课","bèikè","动",""
"1-5549","背面","bèimiàn","名",""
"1-5550","背叛","bèipàn","动",""
"1-5551","背诵","bèisòng","动",""
"1-5552","备忘录","bèiwànglù","名",""
"1-5553","背影","bèiyǐng","名",""
"1-5554","备战","bèizhàn","动",""
"1-5555","奔波","bēnbō","动",""
"1-5556","奔驰","bēnchí","动",""
"1-5557","奔赴","bēnfù","动",""
"1-5558","本分","běnfèn","名、形",""
"1-5559","本钱","běnqián","名",""
"1-5560","本色","běnsè","名",""
"1-5561","本事","běnshi","名",""
"1-5562","本性","běnxìng","名",""
"1-5563","本意","běnyì","名",""
"1-5564","本着","běnzhe","介",""
"1-5565","奔","bèn","动",""
"1-5566","笨蛋","bèndàn","名",""
"1-5567","笨重","bènzhòng","形",""
"1-5568","笨拙","bènzhuō","形",""
"1-5569","绷","bēng","动",""
"1-5570","绷带","bēngdài","名",""
"1-5571","崩溃","bēngkuì","动",""
"1-5572","蹦","bèng","动",""
"1-5573","迸发","bèngfā","动",""
"1-5574","逼近","bījìn","动",""
"1-5575","逼迫","bīpò","动",""
"1-5576","逼真","bīzhēn","形",""
"1-5577","鼻涕","bítì","名",""
"1-5578","比比皆是","bǐbǐ-jiēshì","",""
"1-5579","笔墨","bǐmò","名",""
"1-5580","比试","bǐshi","动",""
"1-5581","鄙视","bǐshì","动",""
"1-5582","弊病","bìbìng","名",""
"1-5583","必不可少","bìbùkěshǎo","",""
"1-5584","必定","bìdìng","副",""
"1-5585","弊端","bìduān","名",""
"1-5586","壁画","bìhuà","名",""
"1-5587","必将","bìjiāng","副",""
"1-5588","壁垒","bìlěi","名",""
"1-5589","碧绿","bìlǜ","形",""
"1-5590","避难","bìnàn","动",""
"1-5591","避让","bìràng","动",""
"1-5592","毕生","bìshēng","名",""
"1-5593","避暑","bìshǔ","动",""
"1-5594","鞭策","biāncè","动",""
"1-5595","编程","biānchéng","动",""
"1-5596","编号","biānhào","动、名",""
"1-5597","边疆","biānjiāng","名",""
"1-5598","边界","biānjiè","名",""
"1-5599","边境","biānjìng","名",""
"1-5600","编剧","biānjù","动、名",""
"1-5601","编排","biānpái","动",""
"1-5602","鞭炮","biānpào","名",""
"1-5603","边缘","biānyuán","名、形",""
"1-5604","边远","biānyuǎn","形",""
"1-5605","编造","biānzào","动",""
"1-5606","编制","biānzhì","动",""
"1-5607","编织","biānzhī","动",""
"1-5608","扁","biǎn","形",""
"1-5609","贬低","biǎndī","动",""
"1-5610","贬值","biǎnzhí","动",""
"1-5611","辩","biàn","动",""
"1-5612","辨别","biànbié","动",""
"1-5613","遍布","biànbù","动",""
"1-5614","便饭","biànfàn","名",""
"1-5615","变革","biàngé","动",""
"1-5616","变更","biàngēng","动",""
"1-5617","变故","biàngù","名",""
"1-5618","辩护","biànhù","动",""
"1-5619","变换","biànhuàn","动",""
"1-5620","变幻莫测","biànhuàn-mòcè","",""
"1-5621","辩解","biànjiě","动",""
"1-5622","辩论","biànlùn","动",""
"1-5623","变迁","biànqiān","动",""
"1-5624","辨认","biànrèn","动",""
"1-5625","变通","biàntōng","动",""
"1-5626","便携式","biànxiéshì","形",""
"1-5627","变形","biànxíng","动",""
"1-5628","变异","biànyì","动",""
"1-5629","辩证","biànzhèng","动、形",""
"1-5630","辫子","biànzi","名",""
"1-5631","标","biāo","动",""
"1-5632","标榜","biāobǎng","动",""
"1-5633","标本","biāoběn","名",""
"1-5634","标点","biāodiǎn","名",""
"1-5635","标记","biāojì","动、名",""
"1-5636","标签","biāoqiān","名",""
"1-5637","飙升","biāoshēng","动",""
"1-5638","标识","biāoshí","动、名",""
"1-5639","标示","biāoshì","动",""
"1-5640","标语","biāoyǔ","名",""
"1-5641","标致","biāozhì","形",""
"1-5642","表白","biǎobái","动",""
"1-5643","表决","biǎojué","动",""
"1-5644","表述","biǎoshù","动",""
"1-5645","表率","biǎoshuài","名",""
"1-5646","表态","biǎotài","动",""
"1-5647","表彰","biǎozhāng","动",""
"1-5648","憋","biē","动、形",""
"1-5649","别具匠心","biéjù-jiàngxīn","",""
"1-5650","别看","biékàn","连",""
"1-5651","别墅","biéshù","名",""
"1-5652","别说","biéshuō","连",""
"1-5653","别致","biézhì","形",""
"1-5654","别扭","bièniu","形",""
"1-5655","彬彬有礼","bīnbīn-yǒulǐ","",""
"1-5656","缤纷","bīnfēn","形",""
"1-5657","濒临","bīnlín","动",""
"1-5658","濒危","bīnwēi","动",""
"1-5659","冰雹","bīngbáo","名",""
"1-5660","冰棍儿","bīnggùnr","名",""
"1-5661","冰山一角","bīngshān-yìjiǎo","",""
"1-5662","冰天雪地","bīngtiān-xuědì","",""
"1-5663","丙","bǐng","名",""
"1-5664","秉承","bǐngchéng","动",""
"1-5665","秉持","bǐngchí","动",""
"1-5666","并发症","bìngfāzhèng","名",""
"1-5667","并非","bìngfēi","动",""
"1-5668","并购","bìnggòu","动",""
"1-5669","并肩","bìngjiān","动、副",""
"1-5670","病历","bìnglì","名",""
"1-5671","并列","bìngliè","动",""
"1-5672","并行","bìngxíng","动",""
"1-5673","病症","bìngzhèng","名",""
"1-5674","拨","bō","动、量",""
"1-5675","波动","bōdòng","动",""
"1-5676","剥夺","bōduó","动",""
"1-5677","波及","bōjí","动",""
"1-5678","拨款","bōkuǎn","动、名",""
"1-5679","波澜","bōlán","名",""
"1-5680","波浪","bōlàng","名",""
"1-5681","波涛","bōtāo","名",""
"1-5682","剥削","bōxuē","动",""
"1-5683","波折","bōzhé","名",""
"1-5684","伯伯","bóbo","名",""
"1-5685","博大精深","bódà-jīngshēn","",""
"1-5686","搏斗","bódòu","动",""
"1-5687","伯父","bófù","名",""
"1-5688","驳回","bóhuí","动",""
"1-5689","伯母","bómǔ","名",""
"1-5690","博学","bóxué","形",""
"1-5691","博弈","bóyì","动",""
"1-5692","不算","bú suàn","",""
"1-5693","不当","búdàng","形",""
"1-5694","不定","búdìng","形、副",""
"1-5695","不动产","búdòngchǎn","名",""
"1-5696","不见得","bújiàndé","副",""
"1-5697","不愧","búkuì","副",""
"1-5698","不力","búlì","形",""
"1-5699","不妙","búmiào","形",""
"1-5700","不慎","búshèn","形",""
"1-5701","不下","búxià","动",""
"1-5702","不像话","búxiànghuà","形",""
"1-5703","不肖","búxiào","形",""
"1-5704","不屑","búxiè","动",""
"1-5705","不懈","búxiè","形",""
"1-5706","不厌其烦","búyàn-qífán","",""
"1-5707","不亚于","búyàyú","动",""
"1-5708","不翼而飞","búyì’érfēi","",""
"1-5709","不亦乐乎","búyìlèhū","",""
"1-5710","不正之风","búzhèngzhīfēng","",""
"1-5711","捕获","bǔhuò","动",""
"1-5712","补给","bǔjǐ","动、名",""
"1-5713","补救","bǔjiù","动",""
"1-5714","哺乳","bǔrǔ","动",""
"1-5715","捕食","bǔshí","动",""
"1-5716","哺育","bǔyù","动",""
"1-5717","补助","bǔzhù","动、名",""
"1-5718","捕捉","bǔzhuō","动",""
"1-5719","不经意","bù jīngyì","",""
"1-5720","不予","bù yǔ","",""
"1-5721","不准","bù zhǔn","",""
"1-5722","不耻下问","bùchǐ-xiàwèn","",""
"1-5723","不辞而别","bùcí’érbié","",""
"1-5724","不得而知","bùdé’érzhī","",""
"1-5725","不得已","bùdéyǐ","形",""
"1-5726","不乏","bùfá","动",""
"1-5727","步伐","bùfá","名",""
"1-5728","不法","bùfǎ","形",""
"1-5729","不妨","bùfáng","副",""
"1-5730","不服","bùfú","动",""
"1-5731","不敢当","bùgǎndāng","动",""
"1-5732","不及","bùjí","动",""
"1-5733","部件","bùjiàn","名",""
"1-5734","不假思索","bùjiǎ-sīsuǒ","",""
"1-5735","不解","bùjiě","动",""
"1-5736","不景气","bùjǐngqì","形",""
"1-5737","布局","bùjú","动、名",""
"1-5738","不堪","bùkān","动、形",""
"1-5739","不可或缺","bùkě-huòquē","",""
"1-5740","不可思议","bùkě-sīyì","",""
"1-5741","不了了之","bùliǎo-liǎozhī","",""
"1-5742","不免","bùmiǎn","副",""
"1-5743","不平","bùpíng","形",""
"1-5744","不容","bùróng","动",""
"1-5745","步入","bùrù","动",""
"1-5746","部首","bùshǒu","名",""
"1-5747","部署","bùshǔ","动",""
"1-5748","不惜","bùxī","动",""
"1-5749","不相上下","bùxiāng-shàngxià","",""
"1-5750","不言而喻","bùyán’éryù","",""
"1-5751","不以为然","bùyǐwéirán","",""
"1-5752","不由得","bùyóude","动、副",""
"1-5753","不由自主","bùyóuzìzhǔ","",""
"1-5754","不约而同","bùyuē’értóng","",""
"1-5755","不折不扣","bùzhé-búkòu","",""
"1-5756","不知不觉","bùzhī-bùjué","",""
"1-5757","不知所措","bùzhī-suǒcuò","",""
"1-5758","猜想","cāixiǎng","动",""
"1-5759","裁","cái","动",""
"1-5760","裁定","cáidìng","动",""
"1-5761","裁缝","cáifeng","名",""
"1-5762","才干","cáigàn","名",""
"1-5763","财经","cáijīng","名",""
"1-5764","裁决","cáijué","动",""
"1-5765","财力","cáilì","名",""
"1-5766","裁员","cáiyuán","动",""
"1-5767","财政","cáizhèng","名",""
"1-5768","采","cǎi","动",""
"1-5769","采矿","cǎikuàng","动",""
"1-5770","采摘","cǎizhāi","动",""
"1-5771","菜肴","càiyáo","名",""
"1-5772","参见","cānjiàn","动",""
"1-5773","参谋","cānmóu","名、动",""
"1-5774","参照","cānzhào","动",""
"1-5775","残","cán","动",""
"1-5776","残酷","cánkù","形",""
"1-5777","惭愧","cánkuì","形",""
"1-5778","残留","cánliú","动",""
"1-5779","残缺","cánquē","动",""
"1-5780","残忍","cánrěn","形",""
"1-5781","惨","cǎn","形",""
"1-5782","惨白","cǎnbái","形",""
"1-5783","惨痛","cǎntòng","形",""
"1-5784","惨重","cǎnzhòng","形",""
"1-5785","灿烂","cànlàn","形",""
"1-5786","舱","cāng","名",""
"1-5787","苍白","cāngbái","形",""
"1-5788","仓促","cāngcù","形",""
"1-5789","沧桑","cāngsāng","名",""
"1-5790","苍蝇","cāngying","名",""
"1-5791","藏匿","cángnì","动",""
"1-5792","藏品","cángpǐn","名",""
"1-5793","藏身","cángshēn","动",""
"1-5794","操控","cāokòng","动",""
"1-5795","操劳","cāoláo","动",""
"1-5796","操练","cāoliàn","动",""
"1-5797","操心","cāoxīn","动",""
"1-5798","操纵","cāozòng","动",""
"1-5799","嘈杂","cáozá","形",""
"1-5800","草案","cǎo’àn","名",""
"1-5801","草丛","cǎocóng","名",""
"1-5802","草坪","cǎopíng","名",""
"1-5803","草率","cǎoshuài","形",""
"1-5804","草药","cǎoyào","名",""
"1-5805","测定","cèdìng","动",""
"1-5806","侧面","cèmiàn","名",""
"1-5807","测算","cèsuàn","动",""
"1-5808","测验","cèyàn","动、名",""
"1-5809","侧重","cèzhòng","动",""
"1-5810","层出不穷","céngchū-bùqióng","",""
"1-5811","蹭","cèng","动",""
"1-5812","差错","chācuò","名",""
"1-5813","差额","chā’é","名、形",""
"1-5814","插曲","chāqǔ","名",""
"1-5815","插手","chāshǒu","动",""
"1-5816","插图","chātú","名",""
"1-5817","插嘴","chāzuǐ","动",""
"1-5818","查处","cháchǔ","动",""
"1-5819","查获","cháhuò","动",""
"1-5820","察觉","chájué","动",""
"1-5821","察看","chákàn","动",""
"1-5822","查明","chámíng","动",""
"1-5823","岔","chà","名、动",""
"1-5824","刹那","chànà","名",""
"1-5825","诧异","chàyì","形",""
"1-5826","拆迁","chāiqiān","动",""
"1-5827","柴油","cháiyóu","名",""
"1-5828","掺","chān","动",""
"1-5829","搀","chān","动",""
"1-5830","馋","chán","形、动",""
"1-5831","缠","chán","动",""
"1-5832","缠绕","chánrào","动",""
"1-5833","铲","chǎn","名、动",""
"1-5834","产权","chǎnquán","名",""
"1-5835","阐释","chǎnshì","动",""
"1-5836","阐述","chǎnshù","动",""
"1-5837","产物","chǎnwù","名",""
"1-5838","产业链","chǎnyèliàn","名",""
"1-5839","产值","chǎnzhí","名",""
"1-5840","颤抖","chàndǒu","动",""
"1-5841","猖狂","chāngkuáng","形",""
"1-5842","昌盛","chāngshèng","形",""
"1-5843","偿还","chánghuán","动",""
"1-5844","常理","chánglǐ","名",""
"1-5845","长期以来","chángqī yǐlái","",""
"1-5846","常人","chángrén","名",""
"1-5847","常态","chángtài","名",""
"1-5848","长效","chángxiào","名、形",""
"1-5849","长征","chángzhēng","动、名",""
"1-5850","长足","chángzú","形",""
"1-5851","敞开","chǎngkāi","动、副",""
"1-5852","倡导","chàngdǎo","动",""
"1-5853","唱片","chàngpiàn","名",""
"1-5854","畅谈","chàngtán","动",""
"1-5855","倡议","chàngyì","动、名",""
"1-5856","超标","chāobiāo","动",""
"1-5857","钞票","chāopiào","名",""
"1-5858","超前","chāoqián","形、动",""
"1-5859","抄袭","chāoxí","动",""
"1-5860","潮","cháo","名、形",""
"1-5861","嘲弄","cháonòng","动",""
"1-5862","潮水","cháoshuǐ","名",""
"1-5863","巢穴","cháoxué","名",""
"1-5864","炒作","chǎozuò","动",""
"1-5865","车间","chējiān","名",""
"1-5866","扯","chě","动",""
"1-5867","撤","chè","动",""
"1-5868","撤离","chèlí","动",""
"1-5869","撤退","chètuì","动",""
"1-5870","彻夜","chèyè","副",""
"1-5871","沉淀","chéndiàn","动、名",""
"1-5872","沉甸甸","chéndiàndiàn","形",""
"1-5873","沉浸","chénjìn","动",""
"1-5874","陈旧","chénjiù","形",""
"1-5875","陈列","chénliè","动",""
"1-5876","沉闷","chénmèn","形",""
"1-5877","沉迷","chénmí","动",""
"1-5878","陈述","chénshù","动",""
"1-5879","沉睡","chénshuì","动",""
"1-5880","沉思","chénsī","动",""
"1-5881","沉稳","chénwěn","形",""
"1-5882","沉着","chénzhuó","形",""
"1-5883","趁机","chènjī","副",""
"1-5884","衬托","chèntuō","动",""
"1-5885","称心如意","chènxīn-rúyì","",""
"1-5886","趁早","chènzǎo","副",""
"1-5887","呈","chéng","动",""
"1-5888","承包","chéngbāo","动",""
"1-5889","成才","chéngcái","动",""
"1-5890","成家","chéngjiā","动",""
"1-5891","成家立业","chéngjiā-lìyè","",""
"1-5892","承接","chéngjiē","动",""
"1-5893","诚恳","chéngkěn","形",""
"1-5894","成年2","chéngnián","副",""
"1-5895","成品","chéngpǐn","名",""
"1-5896","城墙","chéngqiáng","名",""
"1-5897","澄清","chéngqīng","形、动",""
"1-5898","成全","chéngquán","动",""
"1-5899","成群结队","chéngqún-jiéduì","",""
"1-5900","成天","chéngtiān","副",""
"1-5901","成心","chéngxīn","副",""
"1-5902","成型","chéngxíng","动",""
"1-5903","诚意","chéngyì","名",""
"1-5904","承载","chéngzài","动",""
"1-5905","诚挚","chéngzhì","形",""
"1-5906","逞强","chěngqiáng","动",""
"1-5907","秤","chèng","名",""
"1-5908","痴呆","chīdāi","形",""
"1-5909","吃喝玩乐","chī-hē-wán-lè","",""
"1-5910","吃苦","chīkǔ","动",""
"1-5911","吃亏","chīkuī","动",""
"1-5912","吃力","chīlì","形",""
"1-5913","痴迷","chīmí","动",""
"1-5914","痴心","chīxīn","名、形",""
"1-5915","持","chí","动",""
"1-5916","迟迟","chíchí","副",""
"1-5917","迟钝","chídùn","形",""
"1-5918","迟缓","chíhuǎn","形",""
"1-5919","驰名","chímíng","动",""
"1-5920","持平","chípíng","动",""
"1-5921","池塘","chítáng","名",""
"1-5922","迟疑","chíyí","形",""
"1-5923","迟早","chízǎo","副",""
"1-5924","持之以恒","chízhī-yǐhéng","",""
"1-5925","尺度","chǐdù","名",""
"1-5926","耻辱","chǐrǔ","名",""
"1-5927","耻笑","chǐxiào","动",""
"1-5928","赤道","chìdào","名",""
"1-5929","赤字","chìzì","名",""
"1-5930","充","chōng","动",""
"1-5931","充斥","chōngchì","动",""
"1-5932","冲刺","chōngcì","动",""
"1-5933","充当","chōngdāng","动",""
"1-5934","憧憬","chōngjǐng","动",""
"1-5935","冲浪","chōnglàng","动",""
"1-5936","充沛","chōngpèi","形",""
"1-5937","冲洗","chōngxǐ","动",""
"1-5938","充裕","chōngyù","形",""
"1-5939","冲撞","chōngzhuàng","动",""
"1-5940","重重","chóngchóng","形",""
"1-5941","重叠","chóngdié","动、名",""
"1-5942","重返","chóngfǎn","动",""
"1-5943","崇高","chónggāo","形",""
"1-5944","重合","chónghé","动",""
"1-5945","崇敬","chóngjìng","动",""
"1-5946","崇尚","chóngshàng","动",""
"1-5947","重申","chóngshēn","动",""
"1-5948","重现","chóngxiàn","动",""
"1-5949","重组","chóngzǔ","动",""
"1-5950","宠","chǒng","动",""
"1-5951","宠爱","chǒng’ài","动",""
"1-5952","抽查","chōuchá","动",""
"1-5953","抽签","chōuqiān","动",""
"1-5954","抽屉","chōuti","名",""
"1-5955","抽样","chōuyàng","动",""
"1-5956","仇","chóu","名",""
"1-5957","稠","chóu","形",""
"1-5958","筹","chóu","动",""
"1-5959","筹办","chóubàn","动",""
"1-5960","筹措","chóucuò","动",""
"1-5961","仇恨","chóuhèn","动、名",""
"1-5962","筹划","chóuhuà","动",""
"1-5963","筹集","chóují","动",""
"1-5964","筹码","chóumǎ","名",""
"1-5965","愁眉苦脸","chóuméi-kǔliǎn","",""
"1-5966","稠密","chóumì","形",""
"1-5967","仇人","chóurén","名",""
"1-5968","瞅","chǒu","动",""
"1-5969","丑恶","chǒu’è","形",""
"1-5970","丑陋","chǒulòu","形",""
"1-5971","丑闻","chǒuwén","名",""
"1-5972","出厂","chūchǎng","动",""
"1-5973","出丑","chūchǒu","动",""
"1-5974","出动","chūdòng","动",""
"1-5975","出发点","chūfādiǎn","名",""
"1-5976","出访","chūfǎng","动",""
"1-5977","出局","chūjú","动",""
"1-5978","出具","chūjù","动",""
"1-5979","出口成章","chūkǒu-chéngzhāng","",""
"1-5980","出路","chūlù","名",""
"1-5981","出卖","chūmài","动",""
"1-5982","出面","chūmiàn","动",""
"1-5983","出任","chūrèn","动",""
"1-5984","出人意料","chūrényìliào","",""
"1-5985","出神","chūshén","动",""
"1-5986","出身","chūshēn","动、名",""
"1-5987","出手","chūshǒu","动、名",""
"1-5988","出台","chūtái","动",""
"1-5989","出头","chūtóu","动",""
"1-5990","出土","chūtǔ","动",""
"1-5991","出息","chūxi","名",""
"1-5992","出征","chūzhēng","动",""
"1-5993","出众","chūzhòng","形",""
"1-5994","初衷","chūzhōng","名",""
"1-5995","出资","chūzī","动",""
"1-5996","出走","chūzǒu","动",""
"1-5997","锄","chú","名、动",""
"1-5998","橱窗","chúchuāng","名",""
"1-5999","除去","chúqù","动、介",""
"1-6000","除外","chúwài","动",""
"1-6001","储备","chǔbèi","动、名",""
"1-6002","处方","chǔfāng","动、名",""
"1-6003","处分","chǔfèn","动、名",""
"1-6004","处境","chǔjìng","名",""
"1-6005","储量","chǔliàng","名",""
"1-6006","处事","chǔshì","动",""
"1-6007","处置","chǔzhì","动",""
"1-6008","触动","chùdòng","动",""
"1-6009","触犯","chùfàn","动",""
"1-6010","触觉","chùjué","名",""
"1-6011","矗立","chùlì","动",""
"1-6012","触摸","chùmō","动",""
"1-6013","触目惊心","chùmù-jīngxīn","",""
"1-6014","揣","chuāi","动",""
"1-6015","揣测","chuǎicè","动",""
"1-6016","揣摩","chuǎimó","动",""
"1-6017","踹","chuài","动",""
"1-6018","川流不息","chuānliú-bùxī","",""
"1-6019","穿梭","chuānsuō","动",""
"1-6020","穿越","chuānyuè","动",""
"1-6021","穿着","chuānzhuó","名",""
"1-6022","船舶","chuánbó","名",""
"1-6023","传单","chuándān","名",""
"1-6024","传媒","chuánméi","名",""
"1-6025","传奇","chuánqí","名",""
"1-6026","传人","chuánrén","动、名",""
"1-6027","传闻","chuánwén","动、名",""
"1-6028","传言","chuányán","名、动",""
"1-6029","喘","chuǎn","动",""
"1-6030","喘息","chuǎnxī","动",""
"1-6031","串门","chuànmén","动",""
"1-6032","窗帘","chuānglián","名",""
"1-6033","创伤","chuāngshāng","名",""
"1-6034","床位","chuángwèi","名",""
"1-6035","创","chuàng","动",""
"1-6036","创始人","chuàngshǐrén","名",""
"1-6037","吹牛","chuīniú","动",""
"1-6038","吹捧","chuīpěng","动",""
"1-6039","炊烟","chuīyān","名",""
"1-6040","垂","chuí","动",""
"1-6041","捶","chuí","动",""
"1-6042","锤","chuí","名、动",""
"1-6043","垂头丧气","chuítóu-sàngqì","",""
"1-6044","纯粹","chúncuì","形、副",""
"1-6045","醇厚","chúnhòu","形",""
"1-6046","纯洁","chúnjié","形、动",""
"1-6047","纯朴","chúnpǔ","形",""
"1-6048","淳朴","chúnpǔ","形",""
"1-6049","蠢","chǔn","形",""
"1-6050","戳","chuō","动、名",""
"1-6051","绰号","chuòhào","名",""
"1-6052","辞","cí","动",""
"1-6053","辞呈","cíchéng","名",""
"1-6054","磁带","cídài","名",""
"1-6055","辞典","cídiǎn","名",""
"1-6056","慈善","císhàn","形",""
"1-6057","磁铁","cítiě","名",""
"1-6058","辞退","cítuì","动",""
"1-6059","慈祥","cíxiáng","形",""
"1-6060","雌性","cíxìng","名",""
"1-6061","此起彼伏","cǐqǐ-bǐfú","",""
"1-6062","此致","cǐzhì","动",""
"1-6063","赐","cì","动",""
"1-6064","刺耳","cì’ěr","形",""
"1-6065","刺骨","cìgǔ","动",""
"1-6066","伺候","cìhou","动",""
"1-6067","赐教","cìjiào","动",""
"1-6068","次品","cìpǐn","名",""
"1-6069","次日","cìrì","名",""
"1-6070","刺绣","cìxiù","动、名",""
"1-6071","次序","cìxù","名",""
"1-6072","刺眼","cìyǎn","形",""
"1-6073","次要","cìyào","形",""
"1-6074","葱","cōng","名",""
"1-6075","丛","cóng","量",""
"1-6076","丛林","cónglín","名",""
"1-6077","从容","cóngróng","形",""
"1-6078","从容不迫","cóngróng-búpò","",""
"1-6079","从头","cóngtóu","副",""
"1-6080","凑","còu","动",""
"1-6081","凑合","còuhe","动",""
"1-6082","凑巧","còuqiǎo","形",""
"1-6083","粗暴","cūbào","形",""
"1-6084","粗糙","cūcāo","形",""
"1-6085","粗鲁","cūlǔ","形",""
"1-6086","粗略","cūlüè","形",""
"1-6087","粗心大意","cūxīn-dàyì","",""
"1-6088","促成","cùchéng","动",""
"1-6089","簇拥","cùyōng","动",""
"1-6090","窜","cuàn","动",""
"1-6091","摧残","cuīcán","动",""
"1-6092","催促","cuīcù","动",""
"1-6093","摧毁","cuīhuǐ","动",""
"1-6094","催眠","cuīmián","动",""
"1-6095","璀璨","cuǐcàn","形",""
"1-6096","翠绿","cuìlǜ","形",""
"1-6097","存活","cúnhuó","动",""
"1-6098","存货","cúnhuò","动、名",""
"1-6099","存心","cúnxīn","动、副",""
"1-6100","存折","cúnzhé","名",""
"1-6101","搓","cuō","动",""
"1-6102","磋商","cuōshāng","动",""
"1-6103","挫败","cuòbài","动",""
"1-6104","错别字","cuòbiézì","名",""
"1-6105","错觉","cuòjué","名",""
"1-6106","措手不及","cuòshǒu-bùjí","",""
"1-6107","错位","cuòwèi","动",""
"1-6108","错综复杂","cuòzōng-fùzá","",""
"1-6109","搭乘","dāchéng","动",""
"1-6110","搭档","dādàng","动、名",""
"1-6111","搭建","dājiàn","动",""
"1-6112","答辩","dábiàn","动",""
"1-6113","达标","dábiāo","动",""
"1-6114","打2","dǎ","介",""
"1-6115","打喷嚏","dǎ pēntì","",""
"1-6116","打下手","dǎ xiàshǒu","",""
"1-6117","打岔","dǎchà","动",""
"1-6118","打倒","dǎdǎo","动",""
"1-6119","打赌","dǎdǔ","动",""
"1-6120","打盹儿","dǎdǔnr","动",""
"1-6121","打发","dǎfa","动",""
"1-6122","打搅","dǎjiǎo","动",""
"1-6123","打捞","dǎlāo","动",""
"1-6124","打量","dǎliang","动",""
"1-6125","打猎","dǎliè","动",""
"1-6126","打磨","dǎmó","动",""
"1-6127","打消","dǎxiāo","动",""
"1-6128","大不了","dàbuliǎo","形、副",""
"1-6129","大大咧咧","dàdaliēliē","形",""
"1-6130","大纲","dàgāng","名",""
"1-6131","大公无私","dàgōng-wúsī","",""
"1-6132","大街小巷","dàjiē-xiǎoxiàng","",""
"1-6133","大惊小怪","dàjīng-xiǎoguài","",""
"1-6134","大局","dàjú","名",""
"1-6135","大陆","dàlù","名",""
"1-6136","大名鼎鼎","dàmíng-dǐngdǐng","",""
"1-6137","大片","dàpiàn","名",""
"1-6138","大气","dàqì","名、形",""
"1-6139","大数据","dàshùjù","名",""
"1-6140","大肆","dàsì","副",""
"1-6141","大体","dàtǐ","名、副",""
"1-6142","大同小异","dàtóng-xiǎoyì","",""
"1-6143","大为","dàwéi","副",""
"1-6144","大雁","dàyàn","名",""
"1-6145","大意","dàyi","形",""
"1-6146","大意","dàyì","名",""
"1-6147","大有可为","dàyǒu-kěwéi","",""
"1-6148","大宗","dàzōng","形、名",""
"1-6149","逮","dǎi","动",""
"1-6150","歹徒","dǎitú","名",""
"1-6151","逮捕","dàibǔ","动",""
"1-6152","带队","dàiduì","动",""
"1-6153","怠工","dàigōng","动",""
"1-6154","代号","dàihào","名",""
"1-6155","代理人","dàilǐrén","名",""
"1-6156","带路","dàilù","动",""
"1-6157","怠慢","dàimàn","动",""
"1-6158","带头","dàitóu","动",""
"1-6159","代言","dàiyán","动",""
"1-6160","担","dān","动",""
"1-6161","担保","dānbǎo","动",""
"1-6162","单边","dānbiān","形",""
"1-6163","单薄","dānbó","形",""
"1-6164","担当","dāndāng","动",""
"1-6165","单方面","dānfāngmiàn","名",""
"1-6166","担负","dānfù","动",""
"1-6167","耽搁","dānge","动",""
"1-6168","单价","dānjià","名",""
"1-6169","单身","dānshēn","动、名、副",""
"1-6170","胆量","dǎnliàng","名",""
"1-6171","胆怯","dǎnqiè","形",""
"1-6172","胆小鬼","dǎnxiǎoguǐ","名",""
"1-6173","担","dàn","名、量",""
"1-6174","诞辰","dànchén","名",""
"1-6175","淡化","dànhuà","动",""
"1-6176","淡季","dànjì","名",""
"1-6177","淡水","dànshuǐ","名",""
"1-6178","但愿","dànyuàn","动",""
"1-6179","担子","dànzi","名",""
"1-6180","当即","dāngjí","副",""
"1-6181","当机立断","dāngjī-lìduàn","",""
"1-6182","当日","dāngrì","名",""
"1-6183","当事人","dāngshìrén","名",""
"1-6184","当务之急","dāngwùzhījí","",""
"1-6185","当心","dāngxīn","动",""
"1-6186","当之无愧","dāngzhīwúkuì","",""
"1-6187","当众","dāngzhòng","副",""
"1-6188","党","dǎng","名",""
"1-6189","档次","dàngcì","名",""
"1-6190","当晚","dàngwǎn","名",""
"1-6191","荡漾","dàngyàng","动",""
"1-6192","当真","dàngzhēn","动、副",""
"1-6193","导弹","dǎodàn","名",""
"1-6194","导航","dǎoháng","动",""
"1-6195","导火索","dǎohuǒsuǒ","名",""
"1-6196","捣乱","dǎoluàn","动",""
"1-6197","倒霉","dǎoméi","形",""
"1-6198","倒塌","dǎotā","动",""
"1-6199","导向","dǎoxiàng","动、名",""
"1-6200","岛屿","dǎoyǔ","名",""
"1-6201","盗","dào","动",""
"1-6202","盗版","dàobǎn","动、名",""
"1-6203","道别","dàobié","动",""
"1-6204","稻草","dàocǎo","名",""
"1-6205","倒计时","dàojìshí","动",""
"1-6206","道具","dàojù","名",""
"1-6207","悼念","dàoniàn","动",""
"1-6208","盗窃","dàoqiè","动",""
"1-6209","倒数","dàoshǔ","动",""
"1-6210","到头来","dàotóulái","副",""
"1-6211","倒退","dàotuì","动",""
"1-6212","到位","dàowèi","动、形",""
"1-6213","得不偿失","débùchángshī","",""
"1-6214","德才兼备","décái-jiānbèi","",""
"1-6215","得当","dédàng","形",""
"1-6216","得力","délì","形",""
"1-6217","得失","déshī","名",""
"1-6218","得手","déshǒu","形",""
"1-6219","得体","détǐ","形",""
"1-6220","得天独厚","détiāndúhòu","",""
"1-6221","得心应手","déxīn-yìngshǒu","",""
"1-6222","得益","déyì","动",""
"1-6223","得意扬扬","déyì-yángyáng","",""
"1-6224","得罪","dézuì","动",""
"1-6225","蹬","dēng","动",""
"1-6226","登场","dēngchǎng","动",""
"1-6227","登顶","dēngdǐng","动",""
"1-6228","登陆","dēnglù","动",""
"1-6229","灯泡","dēngpào","名",""
"1-6230","瞪","dèng","动",""
"1-6231","凳子","dèngzi","名",""
"1-6232","堤","dī","名",""
"1-6233","堤坝","dībà","名",""
"1-6234","低调","dīdiào","名、形",""
"1-6235","提防","dīfang","动",""
"1-6236","低谷","dīgǔ","名",""
"1-6237","低估","dīgū","动",""
"1-6238","低落","dīluò","形",""
"1-6239","低迷","dīmí","形",""
"1-6240","低下","dīxià","形",""
"1-6241","嘀咕","dígu","动",""
"1-6242","敌视","díshì","动",""
"1-6243","笛子","dízi","名",""
"1-6244","抵","dǐ","动",""
"1-6245","底层","dǐcéng","名",""
"1-6246","抵触","dǐchù","动",""
"1-6247","抵挡","dǐdǎng","动",""
"1-6248","底线","dǐxiàn","名",""
"1-6249","抵消","dǐxiāo","动",""
"1-6250","抵押","dǐyā","动",""
"1-6251","抵御","dǐyù","动",""
"1-6252","底蕴","dǐyùn","名",""
"1-6253","抵制","dǐzhì","动",""
"1-6254","底子","dǐzi","名",""
"1-6255","地板","dìbǎn","名",""
"1-6256","地步","dìbù","名",""
"1-6257","地带","dìdài","名",""
"1-6258","地道","dìdào","名",""
"1-6259","地段","dìduàn","名",""
"1-6260","帝国","dìguó","名",""
"1-6261","递交","dìjiāo","动",""
"1-6262","地势","dìshì","名",""
"1-6263","地毯","dìtǎn","名",""
"1-6264","地下水","dìxiàshuǐ","名",""
"1-6265","第一手","dìyīshǒu","形",""
"1-6266","地狱","dìyù","名",""
"1-6267","递增","dìzēng","动",""
"1-6268","弟子","dìzǐ","名",""
"1-6269","颠簸","diānbǒ","动",""
"1-6270","颠倒","diāndǎo","动",""
"1-6271","颠倒黑白","diāndǎo-hēibái","",""
"1-6272","巅峰","diānfēng","名",""
"1-6273","颠覆","diānfù","动",""
"1-6274","典范","diǎnfàn","名",""
"1-6275","点火","diǎnhuǒ","动",""
"1-6276","点评","diǎnpíng","动、名",""
"1-6277","点缀","diǎnzhuì","动",""
"1-6278","点子","diǎnzi","名",""
"1-6279","垫","diàn","动、名",""
"1-6280","垫底","diàndǐ","动",""
"1-6281","奠定","diàndìng","动",""
"1-6282","淀粉","diànfěn","名",""
"1-6283","惦记","diànjì","动",""
"1-6284","电台","diàntái","名",""
"1-6285","殿堂","diàntáng","名",""
"1-6286","电网","diànwǎng","名",""
"1-6287","电线","diànxiàn","名",""
"1-6288","电信","diànxìn","名",""
"1-6289","电讯","diànxùn","名",""
"1-6290","垫子","diànzi","名",""
"1-6291","叼","diāo","动",""
"1-6292","雕","diāo","动",""
"1-6293","雕刻","diāokè","动、名",""
"1-6294","刁难","diāonàn","动",""
"1-6295","雕塑","diāosù","动、名",""
"1-6296","雕像","diāoxiàng","名",""
"1-6297","凋谢","diāoxiè","动",""
"1-6298","调2","diào","名",""
"1-6299","调度","diàodù","动、名",""
"1-6300","掉队","diàoduì","动",""
"1-6301","掉头","diàotóu","动",""
"1-6302","吊销","diàoxiāo","动",""
"1-6303","爹","diē","名",""
"1-6304","跌幅","diēfú","名",""
"1-6305","叠","dié","动",""
"1-6306","碟","dié","名",""
"1-6307","迭起","diéqǐ","动",""
"1-6308","丁","dīng","名",""
"1-6309","盯","dīng","动",""
"1-6310","叮嘱","dīngzhǔ","动",""
"1-6311","钉子","dīngzi","名",""
"1-6312","顶多","dǐngduō","副",""
"1-6313","顶级","dǐngjí","形",""
"1-6314","顶尖","dǐngjiān","名、形",""
"1-6315","钉","dìng","动",""
"1-6316","订购","dìnggòu","动",""
"1-6317","定金","dìngjīn","名",""
"1-6318","定居","dìngjū","动",""
"1-6319","订立","dìnglì","动",""
"1-6320","定律","dìnglǜ","名",""
"1-6321","定论","dìnglùn","名",""
"1-6322","定向","dìngxiàng","动",""
"1-6323","定心丸","dìngxīnwán","名",""
"1-6324","订阅","dìngyuè","动",""
"1-6325","定做","dìngzuò","动",""
"1-6326","丢脸","diūliǎn","动",""
"1-6327","丢弃","diūqì","动",""
"1-6328","丢人","diūrén","动",""
"1-6329","丢三落四","diūsān-làsì","",""
"1-6330","东奔西走","dōngbēn-xīzǒu","",""
"1-6331","东道主","dōngdàozhǔ","名",""
"1-6332","东张西望","dōngzhāng-xīwàng","",""
"1-6333","董事","dǒngshì","名",""
"1-6334","懂事","dǒngshì","形",""
"1-6335","董事会","dǒngshìhuì","名",""
"1-6336","董事长","dǒngshìzhǎng","名",""
"1-6337","动不动","dòngbudòng","副",""
"1-6338","动荡","dòngdàng","动、形",""
"1-6339","动感","dònggǎn","名",""
"1-6340","动工","dònggōng","动",""
"1-6341","冻结","dòngjié","动",""
"1-6342","动静","dòngjing","名",""
"1-6343","栋梁","dòngliáng","名",""
"1-6344","动脉","dòngmài","名",""
"1-6345","动身","dòngshēn","动",""
"1-6346","动弹","dòngtan","动",""
"1-6347","动向","dòngxiàng","名",""
"1-6348","洞穴","dòngxué","名",""
"1-6349","动摇","dòngyáo","形、动",""
"1-6350","动用","dòngyòng","动",""
"1-6351","动员","dòngyuán","动",""
"1-6352","兜","dōu","名、动",""
"1-6353","兜售","dōushòu","动",""
"1-6354","抖","dǒu","动",""
"1-6355","陡","dǒu","形",""
"1-6356","陡峭","dǒuqiào","形",""
"1-6357","斗","dòu","动",""
"1-6358","逗留","dòuliú","动",""
"1-6359","斗志","dòuzhì","名",""
"1-6360","豆子","dòuzi","名",""
"1-6361","督促","dūcù","动",""
"1-6362","都会","dūhuì","名",""
"1-6363","独","dú","副",""
"1-6364","独家","dújiā","名",""
"1-6365","毒品","dúpǐn","名",""
"1-6366","独身","dúshēn","动",""
"1-6367","读物","dúwù","名",""
"1-6368","独一无二","dúyī-wú’èr","",""
"1-6369","赌","dǔ","动",""
"1-6370","赌博","dǔbó","动",""
"1-6371","堵塞","dǔsè","动",""
"1-6372","杜绝","dùjué","动",""
"1-6373","端正","duānzhèng","形、动",""
"1-6374","短暂","duǎnzàn","形",""
"1-6375","断定","duàndìng","动",""
"1-6376","断断续续","duànduànxùxù","形",""
"1-6377","断绝","duànjué","动",""
"1-6378","断裂","duànliè","动",""
"1-6379","段落","duànluò","名",""
"1-6380","断然","duànrán","形、副",""
"1-6381","断章取义","duànzhāng-qǔyì","",""
"1-6382","堆积","duījī","动",""
"1-6383","堆砌","duīqì","动",""
"1-6384","兑","duì","动",""
"1-6385","对岸","duì’àn","名",""
"1-6386","对白","duìbái","名",""
"1-6387","对策","duìcè","名",""
"1-6388","对得起","duìdeqǐ","动",""
"1-6389","对付","duìfu","动",""
"1-6390","兑换","duìhuàn","动",""
"1-6391","对联","duìlián","名",""
"1-6392","对流","duìliú","动",""
"1-6393","对牛弹琴","duìniú-tánqín","",""
"1-6394","兑现","duìxiàn","动",""
"1-6395","队形","duìxíng","名",""
"1-6396","对弈","duìyì","动",""
"1-6397","对照","duìzhào","动",""
"1-6398","对症下药","duìzhèng-xiàyào","",""
"1-6399","对峙","duìzhì","动",""
"1-6400","敦促","dūncù","动",""
"1-6401","敦厚","dūnhòu","形",""
"1-6402","炖","dùn","动",""
"1-6403","多年来","duō nián lái","",""
"1-6404","多半","duōbàn","数、副",""
"1-6405","多边","duōbiān","形",""
"1-6406","哆嗦","duōsuo","动",""
"1-6407","多心","duōxīn","动",""
"1-6408","夺冠","duóguàn","动",""
"1-6409","夺魁","duókuí","动",""
"1-6410","堕落","duòluò","动",""
"1-6411","鹅","é","名",""
"1-6412","额度","édù","名",""
"1-6413","额外","éwài","形",""
"1-6414","讹诈","ézhà","动",""
"1-6415","恶","è","形",""
"1-6416","噩耗","èhào","名",""
"1-6417","恶化","èhuà","动",""
"1-6418","恶性","èxìng","形",""
"1-6419","恶意","èyì","名",""
"1-6420","鳄鱼","èyú","名",""
"1-6421","厄运","èyùn","名",""
"1-6422","遏制","èzhì","动",""
"1-6423","恶作剧","èzuòjù","动、名",""
"1-6424","恩爱","ēn’ài","形",""
"1-6425","恩情","ēnqíng","名",""
"1-6426","恩人","ēnrén","名",""
"1-6427","恩怨","ēnyuàn","名",""
"1-6428","而已","éryǐ","助",""
"1-6429","耳光","ěrguāng","名",""
"1-6430","耳目一新","ěrmù-yìxīn","",""
"1-6431","耳熟能详","ěrshú-néngxiáng","",""
"1-6432","发财","fācái","动",""
"1-6433","发呆","fādāi","动",""
"1-6434","发抖","fādǒu","动",""
"1-6435","发火","fāhuǒ","动",""
"1-6436","发酵","fājiào","动",""
"1-6437","发觉","fājué","动",""
"1-6438","发掘","fājué","动",""
"1-6439","发愣","fālèng","动",""
"1-6440","发怒","fānù","动",""
"1-6441","发热","fārè","动",""
"1-6442","发射","fāshè","动",""
"1-6443","发誓","fāshì","动",""
"1-6444","发泄","fāxiè","动",""
"1-6445","发芽","fāyá","动",""
"1-6446","发扬","fāyáng","动",""
"1-6447","发扬光大","fāyáng-guāngdà","",""
"1-6448","发言人","fāyánrén","名",""
"1-6449","发源","fāyuán","动",""
"1-6450","发源地","fāyuándì","名",""
"1-6451","发作","fāzuò","动",""
"1-6452","乏力","fálì","形、动",""
"1-6453","阀门","fámén","名",""
"1-6454","法人","fǎrén","名",""
"1-6455","法庭","fǎtíng","名",""
"1-6456","法则","fǎzé","名",""
"1-6457","法制","fǎzhì","名",""
"1-6458","法治","fǎzhì","名、动",""
"1-6459","发型","fàxíng","名",""
"1-6460","帆","fān","名",""
"1-6461","帆船","fānchuán","名",""
"1-6462","翻番","fānfān","动",""
"1-6463","翻来覆去","fānlái-fùqù","",""
"1-6464","翻身","fānshēn","动",""
"1-6465","翻天覆地","fāntiān-fùdì","",""
"1-6466","翻新","fānxīn","动",""
"1-6467","繁多","fánduō","形",""
"1-6468","繁华","fánhuá","形",""
"1-6469","烦闷","fánmèn","形",""
"1-6470","繁体字","fántǐzì","名",""
"1-6471","繁衍","fányǎn","动",""
"1-6472","繁杂","fánzá","形",""
"1-6473","烦躁","fánzào","形",""
"1-6474","繁重","fánzhòng","形",""
"1-6475","反驳","fǎnbó","动",""
"1-6476","反差","fǎnchā","名",""
"1-6477","反常","fǎncháng","形",""
"1-6478","反倒","fǎndào","副",""
"1-6479","反感","fǎngǎn","名、形",""
"1-6480","返还","fǎnhuán","动",""
"1-6481","反击","fǎnjī","动",""
"1-6482","反抗","fǎnkàng","动",""
"1-6483","反面","fǎnmiàn","名、形",""
"1-6484","反射","fǎnshè","动",""
"1-6485","反弹","fǎntán","动",""
"1-6486","反问","fǎnwèn","动",""
"1-6487","反响","fǎnxiǎng","名",""
"1-6488","反省","fǎnxǐng","动",""
"1-6489","反之","fǎnzhī","连",""
"1-6490","犯愁","fànchóu","动",""
"1-6491","范畴","fànchóu","名",""
"1-6492","犯规","fànguī","动",""
"1-6493","泛滥","fànlàn","动",""
"1-6494","贩卖","fànmài","动",""
"1-6495","饭碗","fànwǎn","名",""
"1-6496","犯罪","fànzuì","动",""
"1-6497","方向盘","fāngxiàngpán","名",""
"1-6498","方圆","fāngyuán","名",""
"1-6499","方针","fāngzhēn","名",""
"1-6500","防盗","fángdào","动",""
"1-6501","房地产","fángdìchǎn","名",""
"1-6502","防范","fángfàn","动",""
"1-6503","防护","fánghù","动",""
"1-6504","防火墙","fánghuǒqiáng","名",""
"1-6505","防守","fángshǒu","动",""
"1-6506","防卫","fángwèi","动",""
"1-6507","防汛","fángxùn","动",""
"1-6508","防疫","fángyì","动",""
"1-6509","防御","fángyù","动",""
"1-6510","仿","fǎng","动",""
"1-6511","仿真","fǎngzhēn","动、形",""
"1-6512","仿制","fǎngzhì","动",""
"1-6513","纺织","fǎngzhī","动",""
"1-6514","放过","fàngguò","动",""
"1-6515","放宽","fàngkuān","动",""
"1-6516","放射","fàngshè","动",""
"1-6517","放水","fàngshuǐ","动",""
"1-6518","放肆","fàngsì","形",""
"1-6519","放映","fàngyìng","动",""
"1-6520","放置","fàngzhì","动",""
"1-6521","放纵","fàngzòng","动、形",""
"1-6522","非","fēi","动、副、前缀",""
"1-6523","飞船","fēichuán","名",""
"1-6524","非但","fēidàn","连",""
"1-6525","非得","fēiděi","副",""
"1-6526","飞碟","fēidié","名",""
"1-6527","非法","fēifǎ","形",""
"1-6528","非凡","fēifán","形",""
"1-6529","飞禽走兽","fēiqín-zǒushòu","",""
"1-6530","绯闻","fēiwén","名",""
"1-6531","飞翔","fēixiáng","动",""
"1-6532","飞跃","fēiyuè","动",""
"1-6533","肥料","féiliào","名",""
"1-6534","肥皂","féizào","名",""
"1-6535","诽谤","fěibàng","动",""
"1-6536","废","fèi","动、形",""
"1-6537","废除","fèichú","动",""
"1-6538","沸沸扬扬","fèifèiyángyáng","",""
"1-6539","废话","fèihuà","名、动",""
"1-6540","费劲","fèijìn","动",""
"1-6541","费力","fèilì","动",""
"1-6542","废品","fèipǐn","名",""
"1-6543","废弃","fèiqì","动",""
"1-6544","废寝忘食","fèiqǐn-wàngshí","",""
"1-6545","沸腾","fèiténg","动",""
"1-6546","废物","fèiwù","名",""
"1-6547","废墟","fèixū","名",""
"1-6548","分辨","fēnbiàn","动",""
"1-6549","分成","fēnchéng","动",""
"1-6550","分寸","fēncun","名",""
"1-6551","分担","fēndān","动",""
"1-6552","分发","fēnfā","动",""
"1-6553","芬芳","fēnfāng","形、名",""
"1-6554","吩咐","fēnfù","动",""
"1-6555","分割","fēngē","动",""
"1-6556","分红","fēnhóng","动",""
"1-6557","分化","fēnhuà","动",""
"1-6558","分解","fēnjiě","动",""
"1-6559","分裂","fēnliè","动",""
"1-6560","分泌","fēnmì","动",""
"1-6561","分明","fēnmíng","形、副",""
"1-6562","分歧","fēnqí","形、名",""
"1-6563","分支","fēnzhī","名",""
"1-6564","坟","fén","名",""
"1-6565","坟墓","fénmù","名",""
"1-6566","焚烧","fénshāo","动",""
"1-6567","粉末","fěnmò","名",""
"1-6568","粉丝1","fěnsī","名",""
"1-6569","粉丝2","fěnsī","名",""
"1-6570","粉碎","fěnsuì","形、动",""
"1-6571","粪","fèn","名",""
"1-6572","粪便","fènbiàn","名",""
"1-6573","份额","fèn’é","名",""
"1-6574","奋力","fènlì","副",""
"1-6575","分量","fènliàng","名",""
"1-6576","分外","fènwài","副、形",""
"1-6577","奋勇","fènyǒng","动",""
"1-6578","疯","fēng","动、形",""
"1-6579","风暴","fēngbào","名",""
"1-6580","风波","fēngbō","名",""
"1-6581","风采","fēngcǎi","名",""
"1-6582","风餐露宿","fēngcān-lùsù","",""
"1-6583","风吹雨打","fēngchuī-yǔdǎ","",""
"1-6584","封顶","fēngdǐng","动",""
"1-6585","风度","fēngdù","名",""
"1-6586","风范","fēngfàn","名",""
"1-6587","风和日丽","fēnghé-rìlì","",""
"1-6588","丰厚","fēnghòu","形",""
"1-6589","峰会","fēnghuì","名",""
"1-6590","峰回路转","fēnghuí-lùzhuǎn","",""
"1-6591","封建","fēngjiàn","名、形",""
"1-6592","风景线","fēngjǐngxiàn","名",""
"1-6593","风浪","fēnglàng","名",""
"1-6594","锋利","fēnglì","形",""
"1-6595","风流","fēngliú","形",""
"1-6596","丰满","fēngmǎn","形",""
"1-6597","风貌","fēngmào","名",""
"1-6598","蜂蜜","fēngmì","名",""
"1-6599","封面","fēngmiàn","名",""
"1-6600","风气","fēngqì","名",""
"1-6601","风情","fēngqíng","名",""
"1-6602","风趣","fēngqù","形",""
"1-6603","风沙","fēngshā","名",""
"1-6604","风尚","fēngshàng","名",""
"1-6605","丰盛","fēngshèng","形",""
"1-6606","风水","fēngshuǐ","名",""
"1-6607","丰硕","fēngshuò","形",""
"1-6608","封锁","fēngsuǒ","动",""
"1-6609","风土人情","fēngtǔ-rénqíng","",""
"1-6610","风味","fēngwèi","名",""
"1-6611","风云","fēngyún","名",""
"1-6612","风雨无阻","fēngyǔ-wúzǔ","",""
"1-6613","风筝","fēngzheng","名",""
"1-6614","疯子","fēngzi","名",""
"1-6615","逢","féng","动",""
"1-6616","缝","féng","动",""
"1-6617","缝合","fénghé","动",""
"1-6618","讽刺","fěngcì","动",""
"1-6619","缝","fèng","名",""
"1-6620","凤凰","fènghuáng","名",""
"1-6621","凤毛麟角","fèngmáo-línjiǎo","",""
"1-6622","佛","fó","名",""
"1-6623","否决","fǒujué","动",""
"1-6624","敷","fū","动",""
"1-6625","孵化","fūhuà","动",""
"1-6626","肤浅","fūqiǎn","形",""
"1-6627","敷衍","fūyǎn","动",""
"1-6628","扶持","fúchí","动",""
"1-6629","浮动","fúdòng","动",""
"1-6630","俘获","fúhuò","动",""
"1-6631","浮力","fúlì","名",""
"1-6632","俘虏","fúlǔ","动、名",""
"1-6633","福气","fúqi","名",""
"1-6634","服气","fúqì","动",""
"1-6635","辐射","fúshè","动",""
"1-6636","服饰","fúshì","名",""
"1-6637","服务器","fúwùqì","名",""
"1-6638","浮现","fúxiàn","动",""
"1-6639","浮躁","fúzào","形",""
"1-6640","腐败","fǔbài","形、动",""
"1-6641","腐烂","fǔlàn","动、形",""
"1-6642","抚摸","fǔmō","动",""
"1-6643","腐蚀","fǔshí","动",""
"1-6644","俯视","fǔshì","动",""
"1-6645","俯首","fǔshǒu","动",""
"1-6646","腐朽","fǔxiǔ","动、形",""
"1-6647","抚恤","fǔxù","动",""
"1-6648","抚养","fǔyǎng","动",""
"1-6649","斧子","fǔzi","名",""
"1-6650","负","fù","动、形",""
"1-6651","附","fù","动",""
"1-6652","赴","fù","动",""
"1-6653","腹","fù","名",""
"1-6654","副本","fùběn","名",""
"1-6655","复查","fùchá","动",""
"1-6656","附带","fùdài","动、副、形",""
"1-6657","复发","fùfā","动",""
"1-6658","富含","fùhán","动",""
"1-6659","富豪","fùháo","名",""
"1-6660","复合","fùhé","动",""
"1-6661","附和","fùhè","动",""
"1-6662","复活","fùhuó","动",""
"1-6663","附加","fùjiā","动",""
"1-6664","富强","fùqiáng","形",""
"1-6665","附属","fùshǔ","形、动",""
"1-6666","复苏","fùsū","动",""
"1-6667","富翁","fùwēng","名",""
"1-6668","腹泻","fùxiè","动",""
"1-6669","复兴","fùxīng","动",""
"1-6670","复原","fùyuán","动",""
"1-6671","负重","fùzhòng","动",""
"1-6672","富足","fùzú","形",""
"1-6673","副作用","fùzuòyòng","名",""
"1-6674","改版","gǎibǎn","动",""
"1-6675","改动","gǎidòng","动",""
"1-6676","改观","gǎiguān","动",""
"1-6677","改良","gǎiliáng","动",""
"1-6678","改日","gǎirì","副",""
"1-6679","改邪归正","gǎixié-guīzhèng","",""
"1-6680","改装","gǎizhuāng","动",""
"1-6681","钙","gài","名",""
"1-6682","概","gài","副",""
"1-6683","概况","gàikuàng","名",""
"1-6684","概论","gàilùn","名",""
"1-6685","干戈","gāngē","名",""
"1-6686","干枯","gānkū","形",""
"1-6687","干涉","gānshè","动",""
"1-6688","甘心","gānxīn","动",""
"1-6689","干预","gānyù","动",""
"1-6690","杆","gǎn","名、量",""
"1-6691","感触","gǎnchù","名",""
"1-6692","感恩","gǎnēn","动",""
"1-6693","赶赴","gǎnfù","动",""
"1-6694","感慨","gǎnkǎi","动",""
"1-6695","感叹","gǎntàn","动",""
"1-6696","感悟","gǎnwù","动",""
"1-6697","感性","gǎnxìng","形",""
"1-6698","干部","gànbù","名",""
"1-6699","干劲","gànjìn","名",""
"1-6700","干事","gànshi","名",""
"1-6701","缸","gāng","名",""
"1-6702","纲领","gānglǐng","名",""
"1-6703","钢铁","gāngtiě","名、形",""
"1-6704","纲要","gāngyào","名",""
"1-6705","港","gǎng","名",""
"1-6706","港湾","gǎngwān","名",""
"1-6707","杠杆","gànggǎn","名",""
"1-6708","高额","gāo’é","形",""
"1-6709","高昂","gāo’áng","动、形",""
"1-6710","高傲","gāo’ào","形",""
"1-6711","高潮","gāocháo","名",""
"1-6712","高调","gāodiào","名、形",""
"1-6713","高贵","gāoguì","形",""
"1-6714","高见","gāojiàn","名",""
"1-6715","高空","gāokōng","名",""
"1-6716","高龄","gāolíng","名、 形",""
"1-6717","高明","gāomíng","形、名",""
"1-6718","高血压","gāoxuèyā","名",""
"1-6719","高雅","gāoyǎ","形",""
"1-6720","高压","gāoyā","名、形",""
"1-6721","高涨","gāozhǎng","动、形",""
"1-6722","搞鬼","gǎoguǐ","动",""
"1-6723","搞笑","gǎoxiào","动、形",""
"1-6724","告","gào","动",""
"1-6725","告辞","gàocí","动",""
"1-6726","告诫","gàojiè","动",""
"1-6727","告示","gàoshi","名",""
"1-6728","告知","gàozhī","动",""
"1-6729","告状","gàozhuàng","动",""
"1-6730","搁","gē","动",""
"1-6731","戈壁","gēbì","名",""
"1-6732","疙瘩","gēda","名",""
"1-6733","歌剧","gējù","名",""
"1-6734","搁浅","gēqiǎn","动",""
"1-6735","歌颂","gēsòng","动",""
"1-6736","歌舞","gēwǔ","名",""
"1-6737","歌谣","gēyáo","名",""
"1-6738","搁置","gēzhì","动",""
"1-6739","鸽子","gēzi","名",""
"1-6740","格格不入","gégé-búrù","",""
"1-6741","隔阂","géhé","名",""
"1-6742","格局","géjú","名",""
"1-6743","隔离","gélí","动",""
"1-6744","阁楼","gélóu","名",""
"1-6745","格式","géshi","名",""
"1-6746","革新","géxīn","动",""
"1-6747","格子","gézi","名",""
"1-6748","个案","gè’àn","名",""
"1-6749","各抒己见","gèshū-jǐjiàn","",""
"1-6750","个头儿","gètóur","名",""
"1-6751","根基","gēnjī","名",""
"1-6752","跟进","gēnjìn","动",""
"1-6753","根深蒂固","gēnshēn-dìgù","",""
"1-6754","根源","gēnyuán","名、动",""
"1-6755","根治","gēnzhì","动",""
"1-6756","耕","gēng","动",""
"1-6757","耕地","gēngdì","动、名",""
"1-6758","更改","gēnggǎi","动",""
"1-6759","更衣室","gēngyīshì","名",""
"1-6760","耕耘","gēngyún","动",""
"1-6761","更正","gēngzhèng","动",""
"1-6762","哽咽","gěngyè","动",""
"1-6763","耿直","gěngzhí","形",""
"1-6764","弓","gōng","名、动",""
"1-6765","功","gōng","名",""
"1-6766","攻","gōng","动",""
"1-6767","供","gōng","动",""
"1-6768","公办","gōngbàn","形",""
"1-6769","供不应求","gōngbúyìngqiú","",""
"1-6770","功臣","gōngchén","名",""
"1-6771","公道","gōngdao","形",""
"1-6772","功底","gōngdǐ","名",""
"1-6773","宫殿","gōngdiàn","名",""
"1-6774","攻读","gōngdú","动",""
"1-6775","公费","gōngfèi","名",""
"1-6776","公关","gōngguān","名",""
"1-6777","攻关","gōngguān","动",""
"1-6778","工会","gōnghuì","名",""
"1-6779","工匠","gōngjiàng","名",""
"1-6780","恭敬","gōngjìng","形",""
"1-6781","攻克","gōngkè","动",""
"1-6782","工科","gōngkē","名",""
"1-6783","公款","gōngkuǎn","名",""
"1-6784","功劳","gōngláo","名",""
"1-6785","公立","gōnglì","形",""
"1-6786","功力","gōnglì","名",""
"1-6787","功利","gōnglì","名",""
"1-6788","功率","gōnglǜ","名",""
"1-6789","公墓","gōngmù","名",""
"1-6790","供暖","gōngnuǎn","动",""
"1-6791","公仆","gōngpú","名",""
"1-6792","公顷","gōngqǐng","量",""
"1-6793","供求","gōngqiú","名",""
"1-6794","公然","gōngrán","副",""
"1-6795","公示","gōngshì","动",""
"1-6796","公式","gōngshì","名",""
"1-6797","公事","gōngshì","名",""
"1-6798","攻势","gōngshì","名",""
"1-6799","宫廷","gōngtíng","名",""
"1-6800","恭维","gōngwéi","动",""
"1-6801","公务","gōngwù","名",""
"1-6802","供需","gōngxū","名",""
"1-6803","供养","gōngyǎng","动",""
"1-6804","供应链","gōngyìngliàn","名",""
"1-6805","公用","gōngyòng","动",""
"1-6806","公约","gōngyuē","名",""
"1-6807","公证","gōngzhèng","动",""
"1-6808","工整","gōngzhěng","形",""
"1-6809","公职","gōngzhí","名",""
"1-6810","拱","gǒng","动",""
"1-6811","供奉","gòngfèng","动、名",""
"1-6812","共和国","gònghéguó","名",""
"1-6813","共鸣","gòngmíng","动",""
"1-6814","共识","gòngshí","名",""
"1-6815","共同体","gòngtóngtǐ","名",""
"1-6816","共性","gòngxìng","名",""
"1-6817","勾","gōu","动",""
"1-6818","钩","gōu","名、动",""
"1-6819","勾结","gōujié","动",""
"1-6820","勾勒","gōulè","动",""
"1-6821","构建","gòujiàn","动",""
"1-6822","够呛","gòuqiàng","形",""
"1-6823","构思","gòusī","动",""
"1-6824","构想","gòuxiǎng","动、名",""
"1-6825","孤单","gūdān","形",""
"1-6826","孤儿","gū’ér","名",""
"1-6827","辜负","gūfù","动",""
"1-6828","孤立","gūlì","形、动",""
"1-6829","孤零零","gūlínglíng","形",""
"1-6830","孤陋寡闻","gūlòu-guǎwén","",""
"1-6831","姑且","gūqiě","副",""
"1-6832","估算","gūsuàn","动",""
"1-6833","股","gǔ","量",""
"1-6834","鼓动","gǔdòng","动",""
"1-6835","古董","gǔdǒng","名",""
"1-6836","股东","gǔdōng","名",""
"1-6837","股份","gǔfèn","名",""
"1-6838","骨干","gǔgàn","名",""
"1-6839","骨骼","gǔgé","名",""
"1-6840","古怪","gǔguài","形",""
"1-6841","古籍","gǔjí","名",""
"1-6842","骨架","gǔjià","名",""
"1-6843","古今中外","gǔjīn-zhōngwài","",""
"1-6844","股民","gǔmín","名",""
"1-6845","古朴","gǔpǔ","形",""
"1-6846","骨气","gǔqì","名",""
"1-6847","谷物","gǔwù","名",""
"1-6848","骨折","gǔzhé","动",""
"1-6849","故","gù","副、连",""
"1-6850","雇","gù","动",""
"1-6851","固化","gùhuà","动",""
"1-6852","顾及","gùjí","动",""
"1-6853","顾虑","gùlǜ","动、名",""
"1-6854","顾名思义","gùmíng-sīyì","",""
"1-6855","顾全大局","gùquán-dàjú","",""
"1-6856","固然","gùrán","连",""
"1-6857","雇佣","gùyōng","动",""
"1-6858","固有","gùyǒu","形",""
"1-6859","雇员","gùyuán","名",""
"1-6860","固执","gùzhi","形",""
"1-6861","雇主","gùzhǔ","名",""
"1-6862","瓜分","guāfēn","动",""
"1-6863","刮目相看","guāmù-xiāngkàn","",""
"1-6864","瓜子","guāzǐ","名",""
"1-6865","寡妇","guǎfu","名",""
"1-6866","挂钩","guàgōu","动、名",""
"1-6867","挂念","guàniàn","动",""
"1-6868","挂失","guàshī","动",""
"1-6869","乖","guāi","形",""
"1-6870","乖巧","guāiqiǎo","形",""
"1-6871","拐杖","guǎizhàng","名",""
"1-6872","怪不得","guàibude","动、副",""
"1-6873","怪物","guàiwu","名",""
"1-6874","怪异","guàiyì","形、名",""
"1-6875","官兵","guānbīng","名",""
"1-6876","棺材","guāncai","名",""
"1-6877","观测","guāncè","动",""
"1-6878","观感","guāngǎn","名",""
"1-6879","关节","guānjié","名",""
"1-6880","官吏","guānlì","名",""
"1-6881","官僚","guānliáo","名",""
"1-6882","观摩","guānmó","动",""
"1-6883","关切","guānqiè","动",""
"1-6884","关税","guānshuì","名",""
"1-6885","官司","guānsi","名",""
"1-6886","关头","guāntóu","名",""
"1-6887","观望","guānwàng","动",""
"1-6888","关照","guānzhào","动",""
"1-6889","管家","guǎnjiā","名",""
"1-6890","管教","guǎnjiào","动、名",""
"1-6891","管辖","guǎnxiá","动",""
"1-6892","管用","guǎnyòng","形",""
"1-6893","惯","guàn","动",""
"1-6894","灌","guàn","动",""
"1-6895","贯彻","guànchè","动",""
"1-6896","贯穿","guànchuān","动",""
"1-6897","灌溉","guàngài","动",""
"1-6898","惯例","guànlì","名",""
"1-6899","灌输","guànshū","动",""
"1-6900","贯通","guàntōng","动",""
"1-6901","罐头","guàntou","名",""
"1-6902","惯性","guànxìng","名",""
"1-6903","光彩","guāngcǎi","名、形",""
"1-6904","光顾","guānggù","动",""
"1-6905","光滑","guānghuá","形",""
"1-6906","光环","guānghuán","名",""
"1-6907","光辉","guānghuī","名、形",""
"1-6908","光缆","guānglǎn","名",""
"1-6909","光芒","guāngmáng","名",""
"1-6910","光明磊落","guāngmíng-lěiluò","",""
"1-6911","光盘","guāngpán","名",""
"1-6912","光荣","guāngróng","形、名",""
"1-6913","光泽","guāngzé","名",""
"1-6914","广义","guǎngyì","名",""
"1-6915","龟","guī","名",""
"1-6916","瑰宝","guībǎo","名",""
"1-6917","规格","guīgé","名",""
"1-6918","归根到底","guīgēn-dàodǐ","",""
"1-6919","归结","guījié","动",""
"1-6920","归来","guīlái","动",""
"1-6921","归纳","guīnà","动",""
"1-6922","闺女","guīnü","名",""
"1-6923","归属","guīshǔ","动",""
"1-6924","归宿","guīsù","名",""
"1-6925","归于","guīyú","动",""
"1-6926","规章","guīzhāng","名",""
"1-6927","鬼","guǐ","名、形",""
"1-6928","轨迹","guǐjì","名",""
"1-6929","诡计","guǐjì","名",""
"1-6930","贵宾","guìbīn","名",""
"1-6931","桂花","guìhuā","名",""
"1-6932","柜台","guìtái","名",""
"1-6933","贵族","guìzú","名",""
"1-6934","滚动","gǔndòng","动",""
"1-6935","国防","guófáng","名",""
"1-6936","国徽","guóhuī","名",""
"1-6937","国民","guómín","名",""
"1-6938","国土","guótǔ","名",""
"1-6939","国务院","guówùyuàn","名",""
"1-6940","国学","guóxué","名",""
"1-6941","国有","guóyǒu","动",""
"1-6942","裹","guǒ","动",""
"1-6943","果断","guǒduàn","形",""
"1-6944","果真","guǒzhēn","副、连",""
"1-6945","过意不去","guò yì bú qù","",""
"1-6946","过半","guòbàn","动",""
"1-6947","过不去","guòbuqù","动",""
"1-6948","过错","guòcuò","名",""
"1-6949","过道","guòdào","名",""
"1-6950","过关","guòguān","动",""
"1-6951","过奖","guòjiǎng","动",""
"1-6952","过境","guòjìng","动",""
"1-6953","过量","guòliàng","动",""
"1-6954","过滤","guòlǜ","动",""
"1-6955","过剩","guòshèng","动",""
"1-6956","过失","guòshī","名",""
"1-6957","过头","guòtóu","形",""
"1-6958","过往","guòwǎng","动、名",""
"1-6959","过问","guòwèn","动",""
"1-6960","过瘾","guòyǐn","形",""
"1-6961","过硬","guòyìng","形",""
"1-6962","海报","hǎibào","名",""
"1-6963","海滨","hǎibīn","名",""
"1-6964","海盗","hǎidào","名",""
"1-6965","海军","hǎijūn","名",""
"1-6966","海量","hǎiliàng","名、形",""
"1-6967","海绵","hǎimián","名",""
"1-6968","海滩","hǎitān","名",""
"1-6969","海豚","hǎitún","名",""
"1-6970","海湾","hǎiwān","名",""
"1-6971","海峡","hǎixiá","名",""
"1-6972","海啸","hǎixiào","名",""
"1-6973","海运","hǎiyùn","动",""
"1-6974","海藻","hǎizǎo","名",""
"1-6975","害虫","hàichóng","名",""
"1-6976","骇人听闻","hàiréntīngwén","",""
"1-6977","酣畅","hānchàng","形",""
"1-6978","憨厚","hānhòu","形",""
"1-6979","酣睡","hānshuì","动",""
"1-6980","函","hán","名",""
"1-6981","寒带","hándài","名",""
"1-6982","涵盖","hángài","动",""
"1-6983","含糊","hánhu","形",""
"1-6984","含蓄","hánxù","动、形",""
"1-6985","寒暄","hánxuān","动",""
"1-6986","汉服","Hànfú","名",""
"1-6987","汗马功劳","hànmǎ-gōngláo","",""
"1-6988","捍卫","hànwèi","动",""
"1-6989","夯实","hāngshí","动",""
"1-6990","航海","hánghǎi","动",""
"1-6991","行家","hángjia","名",""
"1-6992","行列","hángliè","名",""
"1-6993","行情","hángqíng","名",""
"1-6994","航天","hángtiān","动",""
"1-6995","航天员","hángtiānyuán","名",""
"1-6996","航行","hángxíng","动",""
"1-6997","航运","hángyùn","名",""
"1-6998","豪华","háohuá","形",""
"1-6999","豪迈","háomài","形",""
"1-7000","好比","hǎobǐ","动",""
"1-7001","好歹","hǎodǎi","名、副",""
"1-7002","好受","hǎoshòu","形",""
"1-7003","好说","hǎoshuō","动",""
"1-7004","好似","hǎosì","动",""
"1-7005","好心","hǎoxīn","名",""
"1-7006","好意","hǎoyì","名",""
"1-7007","好在","hǎozài","副",""
"1-7008","耗","hào","动",""
"1-7009","号称","hàochēng","动",""
"1-7010","耗费","hàofèi","动",""
"1-7011","浩瀚","hàohàn","形",""
"1-7012","浩劫","hàojié","名",""
"1-7013","好胜","hàoshèng","形",""
"1-7014","耗时","hàoshí","动",""
"1-7015","呵","hē","动",""
"1-7016","呵护","hēhù","动",""
"1-7017","何","hé","代",""
"1-7018","和2","hé","形",""
"1-7019","核","hé","名",""
"1-7020","和蔼","hé’ǎi","形",""
"1-7021","何必","hébì","副",""
"1-7022","核查","héchá","动",""
"1-7023","合唱","héchàng","动",""
"1-7024","何等","héděng","代、副",""
"1-7025","核电站","hédiànzhàn","名",""
"1-7026","核对","héduì","动",""
"1-7027","和好","héhǎo","形、动",""
"1-7028","合乎","héhū","动",""
"1-7029","荷花","héhuā","名",""
"1-7030","合伙","héhuǒ","动",""
"1-7031","合计","héjì","动",""
"1-7032","和解","héjiě","动",""
"1-7033","何苦","hékǔ","副",""
"1-7034","何况","hékuàng","连",""
"1-7035","禾苗","hémiáo","名",""
"1-7036","和睦","hémù","形",""
"1-7037","核能","hénéng","名",""
"1-7038","河畔","hépàn","名",""
"1-7039","和平共处","hépíng gòngchǔ","",""
"1-7040","和气","héqi","形、名",""
"1-7041","和尚","héshang","名",""
"1-7042","核实","héshí","动",""
"1-7043","核桃","hétao","名",""
"1-7044","核武器","héwǔqì","名",""
"1-7045","合约","héyuē","名",""
"1-7046","何止","hézhǐ","动",""
"1-7047","合资","hézī","动",""
"1-7048","喝彩","hècǎi","动",""
"1-7049","贺电","hèdiàn","名",""
"1-7050","鹤立鸡群","hèlìjīqún","",""
"1-7051","赫然","hèrán","形",""
"1-7052","贺信","hèxìn","名",""
"1-7053","黑客","hēikè","名",""
"1-7054","黑马","hēimǎ","名",""
"1-7055","黑名单","hēimíngdān","名",""
"1-7056","恨不得","hènbude","动",""
"1-7057","哼","hēng","动",""
"1-7058","横","héng","形",""
"1-7059","横向","héngxiàng","形",""
"1-7060","恒星","héngxīng","名",""
"1-7061","轰","hōng","拟声、动",""
"1-7062","烘","hōng","动",""
"1-7063","烘焙","hōngbèi","动",""
"1-7064","轰动","hōngdòng","动",""
"1-7065","烘干","hōnggān","动",""
"1-7066","哄堂大笑","hōngtáng-dàxiào","",""
"1-7067","烘托","hōngtuō","动",""
"1-7068","轰炸","hōngzhà","动",""
"1-7069","宏观","hóngguān","形",""
"1-7070","红火","hónghuo","形",""
"1-7071","红利","hónglì","名",""
"1-7072","洪亮","hóngliàng","形",""
"1-7073","红扑扑","hóngpūpū","形",""
"1-7074","红润","hóngrùn","形",""
"1-7075","红薯","hóngshǔ","名",""
"1-7076","宏伟","hóngwěi","形",""
"1-7077","弘扬","hóngyáng","动",""
"1-7078","哄","hǒng","动",""
"1-7079","喉咙","hóulóng","名",""
"1-7080","吼","hǒu","动",""
"1-7081","后备","hòubèi","形、名",""
"1-7082","后备箱","hòubèixiāng","名",""
"1-7083","厚道","hòudao","形",""
"1-7084","后盾","hòudùn","名",""
"1-7085","后顾之忧","hòugùzhīyōu","",""
"1-7086","后勤","hòuqín","名",""
"1-7087","后世","hòushì","名",""
"1-7088","后台","hòutái","名",""
"1-7089","后续","hòuxù","形",""
"1-7090","候选人","hòuxuǎnrén","名",""
"1-7091","后裔","hòuyì","名",""
"1-7092","后遗症","hòuyízhèng","名",""
"1-7093","呼","hū","动",""
"1-7094","呼唤","hūhuàn","动",""
"1-7095","呼救","hūjiù","动",""
"1-7096","忽冷忽热","hūlěng-hūrè","",""
"1-7097","呼声","hūshēng","名",""
"1-7098","呼啸","hūxiào","动",""
"1-7099","呼应","hūyìng","动",""
"1-7100","忽悠","hūyou","动",""
"1-7101","呼吁","hūyù","动",""
"1-7102","糊","hú","动",""
"1-7103","狐狸","húli","名",""
"1-7104","胡乱","húluàn","副",""
"1-7105","胡闹","húnào","动",""
"1-7106","湖泊","húpō","名",""
"1-7107","胡说","húshuō","动",""
"1-7108","胡思乱想","húsī-luànxiǎng","",""
"1-7109","糊涂","hútu","形",""
"1-7110","护","hù","动",""
"1-7111","互补","hùbǔ","动",""
"1-7112","护理","hùlǐ","动",""
"1-7113","花瓣","huābàn","名",""
"1-7114","花卉","huāhuì","名",""
"1-7115","花蕾","huālěi","名",""
"1-7116","花纹","huāwén","名",""
"1-7117","花样","huāyàng","名",""
"1-7118","划不来","huábulái","形",""
"1-7119","划得来","huádelái","形",""
"1-7120","滑稽","huájī","形",""
"1-7121","华丽","huálì","形",""
"1-7122","华侨","huáqiáo","名",""
"1-7123","哗然","huárán","形",""
"1-7124","华人","huárén","名",""
"1-7125","划算","huásuàn","动、形",""
"1-7126","滑梯","huátī","名",""
"1-7127","华裔","huáyì","名",""
"1-7128","画册","huàcè","名",""
"1-7129","化肥","huàféi","名",""
"1-7130","化解","huàjiě","动",""
"1-7131","画龙点睛","huàlóng-diǎnjīng","",""
"1-7132","化身","huàshēn","名",""
"1-7133","画蛇添足","huàshé-tiānzú","",""
"1-7134","划时代","huàshídài","形",""
"1-7135","化险为夷","huàxiǎnwéiyí","",""
"1-7136","化验","huàyàn","动",""
"1-7137","话语","huàyǔ","名",""
"1-7138","怀抱","huáibào","动、名",""
"1-7139","怀旧","huáijiù","动",""
"1-7140","槐树","huáishù","名",""
"1-7141","欢呼","huānhū","动",""
"1-7142","欢聚","huānjù","动",""
"1-7143","欢快","huānkuài","形",""
"1-7144","欢声笑语","huānshēng-xiàoyǔ","",""
"1-7145","环比","huánbǐ","动",""
"1-7146","环球","huánqiú","动",""
"1-7147","环绕","huánrào","动",""
"1-7148","缓","huǎn","动",""
"1-7149","缓和","huǎnhé","形、动",""
"1-7150","焕发","huànfā","动",""
"1-7151","幻觉","huànjué","名",""
"1-7152","唤起","huànqǐ","动",""
"1-7153","换取","huànqǔ","动",""
"1-7154","焕然一新","huànrán-yìxīn","",""
"1-7155","唤醒","huànxǐng","动",""
"1-7156","幻影","huànyǐng","名",""
"1-7157","荒","huāng","动",""
"1-7158","慌","huāng","形",""
"1-7159","荒诞","huāngdàn","形",""
"1-7160","荒凉","huāngliáng","形",""
"1-7161","慌乱","huāngluàn","形",""
"1-7162","慌忙","huāngmáng","形",""
"1-7163","荒谬","huāngmiù","形",""
"1-7164","荒唐","huāngtáng","形",""
"1-7165","慌张","huāngzhāng","形",""
"1-7166","皇宫","huánggōng","名",""
"1-7167","皇后","huánghòu","名",""
"1-7168","黄昏","huánghūn","名",""
"1-7169","皇上","huángshang","名",""
"1-7170","皇室","huángshì","名",""
"1-7171","晃","huǎng","动",""
"1-7172","谎话","huǎnghuà","名",""
"1-7173","恍然大悟","huǎngrán-dàwù","",""
"1-7174","谎言","huǎngyán","名",""
"1-7175","晃","huàng","动",""
"1-7176","晃荡","huàngdang","动",""
"1-7177","辉煌","huīhuáng","形",""
"1-7178","挥霍","huīhuò","动",""
"1-7179","挥舞","huīwǔ","动",""
"1-7180","回避","huíbì","动",""
"1-7181","回归","huíguī","动",""
"1-7182","回合","huíhé","名",""
"1-7183","回馈","huíkuì","动",""
"1-7184","回落","huíluò","动",""
"1-7185","回升","huíshēng","动",""
"1-7186","回首","huíshǒu","动",""
"1-7187","回味","huíwèi","名、动",""
"1-7188","回想","huíxiǎng","动",""
"1-7189","回忆录","huíyìlù","名",""
"1-7190","回应","huíyìng","动",""
"1-7191","毁","huǐ","动",""
"1-7192","悔恨","huǐhèn","动",""
"1-7193","毁坏","huǐhuài","动",""
"1-7194","毁灭","huǐmiè","动",""
"1-7195","会场","huìchǎng","名",""
"1-7196","汇合","huìhé","动",""
"1-7197","汇集","huìjí","动",""
"1-7198","汇聚","huìjù","动",""
"1-7199","贿赂","huìlù","动、名",""
"1-7200","会面","huìmiàn","动",""
"1-7201","绘声绘色","huìshēng-huìsè","",""
"1-7202","会谈","huìtán","动",""
"1-7203","会晤","huìwù","动",""
"1-7204","会意","huìyì","动",""
"1-7205","会诊","huìzhěn","动",""
"1-7206","绘制","huìzhì","动",""
"1-7207","昏","hūn","动",""
"1-7208","荤","hūn","名",""
"1-7209","昏迷","hūnmí","动",""
"1-7210","婚纱","hūnshā","名",""
"1-7211","浑身","húnshēn","名",""
"1-7212","混淆","hùnxiáo","动",""
"1-7213","混浊","hùnzhuó","形",""
"1-7214","豁","huō","动",""
"1-7215","豁出去","huōchuqu","动",""
"1-7216","活该","huógāi","动",""
"1-7217","活期","huóqī","形",""
"1-7218","火爆","huǒbào","形",""
"1-7219","火候","huǒhou","名",""
"1-7220","火花","huǒhuā","名",""
"1-7221","火箭","huǒjiàn","名",""
"1-7222","火炬","huǒjù","名",""
"1-7223","火辣辣","huǒlàlà","形",""
"1-7224","火热","huǒrè","形",""
"1-7225","火山","huǒshān","名",""
"1-7226","伙食","huǒshí","名",""
"1-7227","火速","huǒsù","副",""
"1-7228","火腿","huǒtuǐ","名",""
"1-7229","火焰","huǒyàn","名",""
"1-7230","豁达","huòdá","形",""
"1-7231","或多或少","huòduō-huòshǎo","",""
"1-7232","祸害","huòhai","名、动",""
"1-7233","获悉","huòxī","动",""
"1-7234","货运","huòyùn","名",""
"1-7235","积","jī","动",""
"1-7236","基本功","jīběngōng","名",""
"1-7237","机舱","jīcāng","名",""
"1-7238","基层","jīcéng","名",""
"1-7239","激荡","jīdàng","动",""
"1-7240","积淀","jīdiàn","动、名",""
"1-7241","机动","jīdòng","形",""
"1-7242","肌肤","jīfū","名",""
"1-7243","机关","jīguān","名、形",""
"1-7244","激光","jīguāng","名",""
"1-7245","激化","jīhuà","动",""
"1-7246","激活","jīhuó","动",""
"1-7247","基建","jījiàn","名",""
"1-7248","基金会","jījīnhuì","名",""
"1-7249","机灵","jīling","形",""
"1-7250","机密","jīmì","形、名",""
"1-7251","激起","jīqǐ","动",""
"1-7252","激素","jīsù","名",""
"1-7253","讥笑","jīxiào","动",""
"1-7254","畸形","jīxíng","形",""
"1-7255","积蓄","jīxù","动、名",""
"1-7256","基于","jīyú","介",""
"1-7257","积攒","jīzǎn","动",""
"1-7258","激增","jīzēng","动",""
"1-7259","机智","jīzhì","形",""
"1-7260","基准","jīzhǔn","名",""
"1-7261","即","jí","副",""
"1-7262","级别","jíbié","名",""
"1-7263","急促","jícù","形",""
"1-7264","极度","jídù","副",""
"1-7265","嫉妒","jídù","动",""
"1-7266","急功近利","jígōng-jìnlì","",""
"1-7267","籍贯","jíguàn","名",""
"1-7268","集会","jíhuì","动、名",""
"1-7269","急剧","jíjù","形",""
"1-7270","即可","jíkě","动",""
"1-7271","吉利","jílì","形",""
"1-7272","极力","jílì","副",""
"1-7273","急迫","jípò","形",""
"1-7274","汲取","jíqǔ","动",""
"1-7275","即日","jírì","名",""
"1-7276","即时","jíshí","副",""
"1-7277","集市","jíshì","名",""
"1-7278","棘手","jíshǒu","形",""
"1-7279","集思广益","jísī-guǎngyì","",""
"1-7280","吉他","jítā","名",""
"1-7281","极限","jíxiàn","名",""
"1-7282","吉祥物","jíxiángwù","名",""
"1-7283","急性","jíxìng","形",""
"1-7284","急于","jíyú","动",""
"1-7285","急于求成","jíyú-qiúchéng","",""
"1-7286","急躁","jízào","形",""
"1-7287","及早","jízǎo","副",""
"1-7288","急中生智","jízhōng-shēngzhì","",""
"1-7289","集装箱","jízhuāngxiāng","名",""
"1-7290","集资","jízī","动",""
"1-7291","脊梁","jǐliáng","名",""
"1-7292","挤压","jǐyā","动",""
"1-7293","计","jì","动、名",""
"1-7294","忌","jì","动",""
"1-7295","剂","jì","名、量",""
"1-7296","继","jì","连",""
"1-7297","祭","jì","动",""
"1-7298","暨","jì","连",""
"1-7299","继而","jì’ér","连",""
"1-7300","计策","jìcè","名",""
"1-7301","祭奠","jìdiàn","动",""
"1-7302","忌妒","jìdu","动",""
"1-7303","继父","jìfù","名",""
"1-7304","记号","jìhao","名",""
"1-7305","忌讳","jìhuì","动、名",""
"1-7306","计较","jìjiào","动",""
"1-7307","寂静","jìjìng","形",""
"1-7308","忌口","jìkǒu","动",""
"1-7309","剂量","jìliàng","名",""
"1-7310","继母","jìmǔ","名",""
"1-7311","纪念碑","jìniànbēi","名",""
"1-7312","纪实","jìshí","动、名",""
"1-7313","祭祀","jìsì","动",""
"1-7314","寄托","jìtuō","动",""
"1-7315","迹象","jìxiàng","名",""
"1-7316","绩效","jìxiào","名",""
"1-7317","记性","jìxing","名",""
"1-7318","纪要","jìyào","名",""
"1-7319","记忆犹新","jìyì-yóuxīn","",""
"1-7320","家伙","jiāhuo","名",""
"1-7321","家教","jiājiào","名",""
"1-7322","佳节","jiājié","名",""
"1-7323","加紧","jiājǐn","动",""
"1-7324","家境","jiājìng","名",""
"1-7325","加盟","jiāméng","动",""
"1-7326","嘉年华","jiāniánhuá","名",""
"1-7327","家禽","jiāqín","名",""
"1-7328","家世","jiāshì","名",""
"1-7329","佳肴","jiāyáo","名",""
"1-7330","家用","jiāyòng","名、形",""
"1-7331","家喻户晓","jiāyù-hùxiǎo","",""
"1-7332","夹杂","jiāzá","动",""
"1-7333","家政","jiāzhèng","名",""
"1-7334","加之","jiāzhī","连",""
"1-7335","夹子","jiāzi","名",""
"1-7336","家族","jiāzú","名",""
"1-7337","假定","jiǎdìng","动",""
"1-7338","假冒","jiǎmào","动",""
"1-7339","假使","jiǎshǐ","连",""
"1-7340","假装","jiǎzhuāng","动",""
"1-7341","驾","jià","动、量",""
"1-7342","架势","jiàshi","名",""
"1-7343","价位","jiàwèi","名",""
"1-7344","驾驭","jiàyù","动",""
"1-7345","价值观","jiàzhíguān","名",""
"1-7346","嫁妆","jiàzhuang","名",""
"1-7347","架子","jiàzi","名",""
"1-7348","兼","jiān","动",""
"1-7349","煎","jiān","动",""
"1-7350","煎熬","jiān’áo","动",""
"1-7351","监察","jiānchá","动",""
"1-7352","尖端","jiānduān","名、形",""
"1-7353","肩负","jiānfù","动",""
"1-7354","兼顾","jiāngù","动",""
"1-7355","监管","jiānguǎn","动",""
"1-7356","坚果","jiānguǒ","名",""
"1-7357","监护","jiānhù","动",""
"1-7358","艰巨","jiānjù","形",""
"1-7359","监控","jiānkòng","动",""
"1-7360","歼灭","jiānmiè","动",""
"1-7361","坚韧","jiānrèn","形",""
"1-7362","兼任","jiānrèn","动",""
"1-7363","兼容","jiānróng","动",""
"1-7364","尖锐","jiānruì","形",""
"1-7365","坚实","jiānshí","形",""
"1-7366","监视","jiānshì","动",""
"1-7367","坚守","jiānshǒu","动",""
"1-7368","艰险","jiānxiǎn","形",""
"1-7369","坚信","jiānxìn","动",""
"1-7370","监狱","jiānyù","名",""
"1-7371","奸诈","jiānzhà","形",""
"1-7372","拣","jiǎn","动",""
"1-7373","剪彩","jiǎncǎi","动",""
"1-7374","检察","jiǎnchá","动",""
"1-7375","简称","jiǎnchēng","名、动",""
"1-7376","简短","jiǎnduǎn","形",""
"1-7377","减负","jiǎnfù","动",""
"1-7378","剪辑","jiǎnjí","动",""
"1-7379","简洁","jiǎnjié","形",""
"1-7380","简练","jiǎnliàn","形",""
"1-7381","简陋","jiǎnlòu","形",""
"1-7382","减免","jiǎnmiǎn","动",""
"1-7383","检讨","jiǎntǎo","动、名",""
"1-7384","简体字","jiǎntǐzì","名",""
"1-7385","减退","jiǎntuì","动",""
"1-7386","简要","jiǎnyào","形",""
"1-7387","简易","jiǎnyì","形",""
"1-7388","贱","jiàn","形",""
"1-7389","溅","jiàn","动",""
"1-7390","鉴别","jiànbié","动",""
"1-7391","间谍","jiàndié","名",""
"1-7392","间断","jiànduàn","动",""
"1-7393","见多识广","jiànduō-shíguǎng","",""
"1-7394","见解","jiànjiě","名",""
"1-7395","见利忘义","jiànlì-wàngyì","",""
"1-7396","健美","jiànměi","形、名",""
"1-7397","见仁见智","jiànrén-jiànzhì","",""
"1-7398","鉴赏","jiànshǎng","动",""
"1-7399","见识","jiànshi","动、名",""
"1-7400","建树","jiànshù","动、名",""
"1-7401","践踏","jiàntà","动",""
"1-7402","见外","jiànwài","形",""
"1-7403","见闻","jiànwén","名",""
"1-7404","间隙","jiànxì","名",""
"1-7405","见效","jiànxiào","动",""
"1-7406","间歇","jiànxiē","动",""
"1-7407","见义勇为","jiànyì-yǒngwéi","",""
"1-7408","鉴于","jiànyú","介、连",""
"1-7409","见证","jiànzhèng","动、名",""
"1-7410","健壮","jiànzhuàng","形",""
"1-7411","姜","jiāng","名",""
"1-7412","僵","jiāng","形",""
"1-7413","僵化","jiānghuà","动",""
"1-7414","将就","jiāngjiu","动",""
"1-7415","僵局","jiāngjú","名",""
"1-7416","江山","jiāngshān","名",""
"1-7417","僵硬","jiāngyìng","形",""
"1-7418","桨","jiǎng","名",""
"1-7419","奖杯","jiǎngbēi","名",""
"1-7420","讲理","jiǎnglǐ","动、形",""
"1-7421","奖赏","jiǎngshǎng","动",""
"1-7422","奖项","jiǎngxiàng","名",""
"1-7423","降临","jiànglín","动",""
"1-7424","焦","jiāo","形",""
"1-7425","交叉","jiāochā","动",""
"1-7426","交代","jiāodài","动",""
"1-7427","交锋","jiāofēng","动",""
"1-7428","交付","jiāofù","动",""
"1-7429","娇惯","jiāoguàn","动",""
"1-7430","交互","jiāohù","副、动",""
"1-7431","交集","jiāojí","动",""
"1-7432","焦急","jiāojí","形",""
"1-7433","交界","jiāojiè","动",""
"1-7434","交接","jiāojiē","动",""
"1-7435","交纳","jiāonà","动",""
"1-7436","胶囊","jiāonáng","名",""
"1-7437","娇气","jiāoqì","形",""
"1-7438","交情","jiāoqing","名",""
"1-7439","交涉","jiāoshè","动",""
"1-7440","礁石","jiāoshí","名",""
"1-7441","交替","jiāotì","动",""
"1-7442","交头接耳","jiāotóu-jiē’ěr","",""
"1-7443","交响乐","jiāoxiǎngyuè","名",""
"1-7444","郊游","jiāoyóu","动",""
"1-7445","焦躁","jiāozào","形",""
"1-7446","交织","jiāozhī","动",""
"1-7447","嚼","jiáo","动",""
"1-7448","绞","jiǎo","动",""
"1-7449","搅","jiǎo","动",""
"1-7450","缴","jiǎo","动",""
"1-7451","搅拌","jiǎobàn","动",""
"1-7452","狡猾","jiǎohuá","形",""
"1-7453","缴纳","jiǎonà","动",""
"1-7454","脚踏实地","jiǎotāshídì","",""
"1-7455","侥幸","jiǎoxìng","形",""
"1-7456","矫正","jiǎozhèng","动",""
"1-7457","叫板","jiàobǎn","动",""
"1-7458","轿车","jiàochē","名",""
"1-7459","叫好","jiàohǎo","动",""
"1-7460","较劲","jiàojìn","动",""
"1-7461","教科书","jiàokēshū","名",""
"1-7462","较量","jiàoliàng","动",""
"1-7463","教条","jiàotiáo","名、形",""
"1-7464","教养","jiàoyǎng","动、名",""
"1-7465","皆","jiē","副",""
"1-7466","揭","jiē","动",""
"1-7467","接二连三","jiē’èr-liánsān","",""
"1-7468","接班","jiēbān","动",""
"1-7469","接班人","jiēbānrén","名",""
"1-7470","阶层","jiēcéng","名",""
"1-7471","皆大欢喜","jiēdàhuānxǐ","",""
"1-7472","揭发","jiēfā","动",""
"1-7473","街坊","jiēfang","名",""
"1-7474","接轨","jiēguǐ","动",""
"1-7475","阶级","jiējí","名",""
"1-7476","接济","jiējì","动",""
"1-7477","接见","jiējiàn","动",""
"1-7478","接力","jiēlì","动",""
"1-7479","揭露","jiēlù","动",""
"1-7480","接纳","jiēnà","动",""
"1-7481","揭示","jiēshì","动",""
"1-7482","接手","jiēshǒu","动",""
"1-7483","接替","jiētì","动",""
"1-7484","阶梯","jiētī","名",""
"1-7485","揭晓","jiēxiǎo","动",""
"1-7486","劫","jié","动",""
"1-7487","截","jié","动、量",""
"1-7488","洁白","jiébái","形",""
"1-7489","劫持","jiéchí","动",""
"1-7490","节俭","jiéjiǎn","形",""
"1-7491","洁净","jiéjìng","形",""
"1-7492","捷径","jiéjìng","名",""
"1-7493","结晶","jiéjīng","动、名",""
"1-7494","竭尽全力","jiéjìn-quánlì","",""
"1-7495","结局","jiéjú","名",""
"1-7496","竭力","jiélì","副",""
"1-7497","节气","jiéqì","名",""
"1-7498","截然不同","jiérán-bùtóng","",""
"1-7499","结识","jiéshí","动",""
"1-7500","结算","jiésuàn","动",""
"1-7501","节衣缩食","jiéyī-suōshí","",""
"1-7502","节制","jiézhì","动",""
"1-7503","解除","jiěchú","动",""
"1-7504","解雇","jiěgù","动",""
"1-7505","解救","jiějiù","动",""
"1-7506","解渴","jiěkě","动",""
"1-7507","解剖","jiěpōu","动",""
"1-7508","解散","jiěsàn","动",""
"1-7509","解体","jiětǐ","动",""
"1-7510","解脱","jiětuō","动",""
"1-7511","解围","jiěwéi","动",""
"1-7512","解析","jiěxī","动",""
"1-7513","解约","jiěyuē","动",""
"1-7514","戒","jiè","动",""
"1-7515","界","jiè","名、后缀",""
"1-7516","戒备","jièbèi","动",""
"1-7517","界定","jièdìng","动",""
"1-7518","借口","jièkǒu","名",""
"1-7519","介入","jièrù","动",""
"1-7520","届时","jièshí","副",""
"1-7521","借条","jiètiáo","名",""
"1-7522","界限","jièxiàn","名",""
"1-7523","界线","jièxiàn","名",""
"1-7524","介意","jièyì","动",""
"1-7525","借用","jièyòng","动",""
"1-7526","介于","jièyú","动",""
"1-7527","筋","jīn","名",""
"1-7528","禁不住","jīnbuzhù","动",""
"1-7529","津津有味","jīnjīn-yǒuwèi","",""
"1-7530","尽","jǐn","动、副",""
"1-7531","紧凑","jǐncòu","形",""
"1-7532","紧迫","jǐnpò","形",""
"1-7533","锦旗","jǐnqí","名",""
"1-7534","紧缺","jǐnquē","形",""
"1-7535","锦上添花","jǐnshàng-tiānhuā","",""
"1-7536","紧缩","jǐnsuō","动",""
"1-7537","尽早","jǐnzǎo","副",""
"1-7538","劲","jìn","名",""
"1-7539","进程","jìnchéng","名",""
"1-7540","进攻","jìngōng","动",""
"1-7541","晋级","jìnjí","动",""
"1-7542","禁忌","jìnjì","名、动",""
"1-7543","进军","jìnjūn","动",""
"1-7544","浸泡","jìnpào","动",""
"1-7545","尽情","jìnqíng","副",""
"1-7546","进取","jìnqǔ","动",""
"1-7547","禁区","jìnqū","名",""
"1-7548","晋升","jìnshēng","动",""
"1-7549","尽头","jìntóu","名",""
"1-7550","劲头","jìntóu","名",""
"1-7551","进修","jìnxiū","动",""
"1-7552","茎","jīng","名",""
"1-7553","经","jīng","动",""
"1-7554","精","jīng","形",""
"1-7555","鲸","jīng","名",""
"1-7556","精彩纷呈","jīngcǎi-fēnchéng","",""
"1-7557","精打细算","jīngdǎ-xìsuàn","",""
"1-7558","惊动","jīngdòng","动",""
"1-7559","经度","jīngdù","名",""
"1-7560","精度","jīngdù","名",""
"1-7561","经费","jīngfèi","名",""
"1-7562","精华","jīnghuá","名",""
"1-7563","惊慌","jīnghuāng","形",""
"1-7564","惊慌失措","jīnghuāng-shīcuò","",""
"1-7565","荆棘","jīngjí","名",""
"1-7566","精简","jīngjiǎn","动",""
"1-7567","兢兢业业","jīngjīngyèyè","形",""
"1-7568","经久不息","jīngjiǔ-bùxī","",""
"1-7569","精练","jīngliàn","形",""
"1-7570","经贸","jīngmào","名",""
"1-7571","精密","jīngmì","形",""
"1-7572","精妙","jīngmiào","形",""
"1-7573","精明","jīngmíng","形",""
"1-7574","精疲力竭","jīngpí-lìjié","",""
"1-7575","精品","jīngpǐn","名",""
"1-7576","惊奇","jīngqí","形",""
"1-7577","精巧","jīngqiǎo","形",""
"1-7578","精神","jīngshén","名",""
"1-7579","精神病","jīngshénbìng","名",""
"1-7580","经受","jīngshòu","动",""
"1-7581","精髓","jīngsuǐ","名",""
"1-7582","惊叹","jīngtàn","动",""
"1-7583","惊天动地","jīngtiān-dòngdì","",""
"1-7584","精细","jīngxì","形",""
"1-7585","惊吓","jīngxià","动",""
"1-7586","惊险","jīngxiǎn","形",""
"1-7587","惊心动魄","jīngxīn-dòngpò","",""
"1-7588","晶莹","jīngyíng","形",""
"1-7589","精英","jīngyīng","名",""
"1-7590","精益求精","jīngyìqiújīng","",""
"1-7591","精湛","jīngzhàn","形",""
"1-7592","警报","jǐngbào","名",""
"1-7593","井底之蛙","jǐngdǐzhīwā","",""
"1-7594","警戒","jǐngjiè","动",""
"1-7595","警犬","jǐngquǎn","名",""
"1-7596","警示","jǐngshì","动",""
"1-7597","警惕","jǐngtì","动",""
"1-7598","警钟","jǐngzhōng","名",""
"1-7599","竟","jìng","副",""
"1-7600","敬","jìng","动",""
"1-7601","敬爱","jìng’ài","动",""
"1-7602","敬而远之","jìng’éryuǎnzhī","",""
"1-7603","境地","jìngdì","名",""
"1-7604","净化","jìnghuà","动",""
"1-7605","竞技","jìngjì","动",""
"1-7606","境界","jìngjiè","名",""
"1-7607","敬礼","jìnglǐ","动",""
"1-7608","境内","jìngnèi","名",""
"1-7609","敬佩","jìngpèi","动",""
"1-7610","敬请","jìngqǐng","动",""
"1-7611","境外","jìngwài","名",""
"1-7612","敬畏","jìngwèi","动",""
"1-7613","竞相","jìngxiāng","副",""
"1-7614","竞选","jìngxuǎn","动",""
"1-7615","敬业","jìngyè","动",""
"1-7616","敬意","jìngyì","名",""
"1-7617","境遇","jìngyù","名",""
"1-7618","径直","jìngzhí","副",""
"1-7619","静止","jìngzhǐ","动",""
"1-7620","敬重","jìngzhòng","动",""
"1-7621","窘迫","jiǒngpò","形",""
"1-7622","揪","jiū","动",""
"1-7623","纠缠","jiūchán","动",""
"1-7624","酒楼","jiǔlóu","名",""
"1-7625","久违","jiǔwéi","动",""
"1-7626","久仰","jiǔyǎng","动",""
"1-7627","就餐","jiùcān","动",""
"1-7628","就此","jiùcǐ","副",""
"1-7629","就地","jiùdì","副",""
"1-7630","救济","jiùjì","动",""
"1-7631","就近","jiùjìn","副",""
"1-7632","就任","jiùrèn","动",""
"1-7633","救死扶伤","jiùsǐ-fúshāng","",""
"1-7634","就绪","jiùxù","动",""
"1-7635","就医","jiùyī","动",""
"1-7636","就诊","jiùzhěn","动",""
"1-7637","就职","jiùzhí","动",""
"1-7638","救治","jiùzhì","动",""
"1-7639","就座","jiùzuò","动",""
"1-7640","居安思危","jū’ān-sīwēi","",""
"1-7641","居高不下","jūgāo bú xià","",""
"1-7642","鞠躬","jūgōng","动",""
"1-7643","拘留","jūliú","动",""
"1-7644","拘束","jūshù","动、形",""
"1-7645","居于","jūyú","动",""
"1-7646","局部","júbù","名",""
"1-7647","局势","júshì","名",""
"1-7648","举报","jǔbào","动",""
"1-7649","举措","jǔcuò","名",""
"1-7650","咀嚼","jǔjué","动",""
"1-7651","举棋不定","jǔqí-búdìng","",""
"1-7652","沮丧","jǔsàng","形",""
"1-7653","举世瞩目","jǔshì-zhǔmù","",""
"1-7654","举一反三","jǔyī-fǎnsān","",""
"1-7655","举止","jǔzhǐ","名",""
"1-7656","举重","jǔzhòng","名",""
"1-7657","举足轻重","jǔzú-qīngzhòng","",""
"1-7658","剧变","jùbiàn","动",""
"1-7659","巨额","jù’é","形",""
"1-7660","聚焦","jùjiāo","动",""
"1-7661","聚精会神","jùjīng-huìshén","",""
"1-7662","剧目","jùmù","名",""
"1-7663","剧情","jùqíng","名",""
"1-7664","巨人","jùrén","名",""
"1-7665","巨头","jùtóu","名",""
"1-7666","据悉","jùxī","动",""
"1-7667","圈","juān","动",""
"1-7668","捐献","juānxiàn","动",""
"1-7669","卷入","juǎnrù","动",""
"1-7670","圈","juàn","名",""
"1-7671","绝","jué","动、形、副",""
"1-7672","绝技","juéjì","名",""
"1-7673","绝迹","juéjì","动",""
"1-7674","倔强","juéjiàng","形",""
"1-7675","崛起","juéqǐ","动",""
"1-7676","诀窍","juéqiào","名",""
"1-7677","觉悟","juéwù","动、名",""
"1-7678","觉醒","juéxǐng","动",""
"1-7679","决议","juéyì","名",""
"1-7680","绝缘","juéyuán","动",""
"1-7681","抉择","juézé","动",""
"1-7682","角逐","juézhú","动",""
"1-7683","倔","juè","形",""
"1-7684","均","jūn","形、动、副",""
"1-7685","军官","jūnguān","名",""
"1-7686","均衡","jūnhéng","形",""
"1-7687","军舰","jūnjiàn","名",""
"1-7688","军事","jūnshì","名",""
"1-7689","君子","jūnzǐ","名",""
"1-7690","俊","jùn","形",""
"1-7691","竣工","jùngōng","动",""
"1-7692","骏马","jùnmǎ","名",""
"1-7693","俊俏","jùnqiào","形",""
"1-7694","卡车","kǎchē","名",""
"1-7695","卡通","kǎtōng","名",""
"1-7696","开办","kāibàn","动",""
"1-7697","开采","kāicǎi","动",""
"1-7698","开场","kāichǎng","动",""
"1-7699","开场白","kāichǎngbái","名",""
"1-7700","开除","kāichú","动",""
"1-7701","开动","kāidòng","动",""
"1-7702","开发区","kāifāqū","名",""
"1-7703","开发商","kāifāshāng","名",""
"1-7704","开工","kāigōng","动",""
"1-7705","开垦","kāikěn","动",""
"1-7706","开阔","kāikuò","形、动",""
"1-7707","开朗","kāilǎng","形",""
"1-7708","开明","kāimíng","形",""
"1-7709","开辟","kāipì","动",""
"1-7710","开天辟地","kāitiān-pìdì","",""
"1-7711","开庭","kāitíng","动",""
"1-7712","开拓","kāituò","动",""
"1-7713","开销","kāixiāo","动、名",""
"1-7714","开张","kāizhāng","动",""
"1-7715","开支","kāizhī","名",""
"1-7716","楷模","kǎimó","名",""
"1-7717","凯旋","kǎixuán","动",""
"1-7718","堪称","kānchēng","动",""
"1-7719","刊登","kāndēng","动",""
"1-7720","看护","kānhù","动",""
"1-7721","看守","kānshǒu","动",""
"1-7722","勘探","kāntàn","动",""
"1-7723","刊物","kānwù","名",""
"1-7724","砍伐","kǎnfá","动",""
"1-7725","侃侃而谈","kǎnkǎn’értán","",""
"1-7726","坎坷","kǎnkě","形",""
"1-7727","看台","kàntái","名",""
"1-7728","慷慨","kāngkǎi","形",""
"1-7729","看管","kānguǎn","动",""
"1-7730","扛","káng","动",""
"1-7731","抗衡","kànghéng","动",""
"1-7732","抗拒","kàngjù","动",""
"1-7733","抗生素","kàngshēngsù","名",""
"1-7734","抗议","kàngyì","动",""
"1-7735","抗争","kàngzhēng","动",""
"1-7736","考查","kǎochá","动",""
"1-7737","考量","kǎoliáng","动",""
"1-7738","靠拢","kàolǒng","动",""
"1-7739","磕","kē","动",""
"1-7740","苛刻","kēkè","形",""
"1-7741","颗粒","kēlì","名",""
"1-7742","壳","ké","名",""
"1-7743","可悲","kěbēi","形",""
"1-7744","可不是","kěbúshi","副",""
"1-7745","可乘之机","kěchéngzhījī","",""
"1-7746","可耻","kěchǐ","形",""
"1-7747","可观","kěguān","形",""
"1-7748","可贵","kěguì","形",""
"1-7749","可谓","kěwèi","动",""
"1-7750","可恶","kěwù","形",""
"1-7751","可想而知","kěxiǎng’érzhī","",""
"1-7752","可笑","kěxiào","形",""
"1-7753","可疑","kěyí","形",""
"1-7754","刻不容缓","kèbùrónghuǎn","",""
"1-7755","客房","kèfáng","名",""
"1-7756","刻画","kèhuà","动",""
"1-7757","客机","kèjī","名",""
"1-7758","刻苦","kèkǔ","形",""
"1-7759","客流","kèliú","名",""
"1-7760","克隆","kèlóng","动",""
"1-7761","刻意","kèyì","副",""
"1-7762","客运","kèyùn","名",""
"1-7763","克制","kèzhì","动",""
"1-7764","刻舟求剑","kèzhōu-qiújiàn","",""
"1-7765","啃","kěn","动",""
"1-7766","恳切","kěnqiè","形",""
"1-7767","恳求","kěnqiú","动",""
"1-7768","坑","kēng","名、动",""
"1-7769","空荡荡","kōngdàngdàng","形",""
"1-7770","空洞","kōngdòng","名、形",""
"1-7771","空间站","kōngjiānzhàn","名",""
"1-7772","空军","kōngjūn","名",""
"1-7773","空难","kōngnàn","名",""
"1-7774","空前","kōngqián","动",""
"1-7775","空想","kōngxiǎng","动、名",""
"1-7776","空虚","kōngxū","形",""
"1-7777","孔","kǒng","名",""
"1-7778","恐怖","kǒngbù","形",""
"1-7779","恐吓","kǒnghè","动",""
"1-7780","恐慌","kǒnghuāng","形",""
"1-7781","恐龙","kǒnglóng","名",""
"1-7782","空白","kòngbái","名",""
"1-7783","控告","kònggào","动",""
"1-7784","空隙","kòngxì","名",""
"1-7785","抠","kōu","动、形",""
"1-7786","口岸","kǒu’àn","名",""
"1-7787","口碑","kǒubēi","名",""
"1-7788","口才","kǒucái","名",""
"1-7789","口吃","kǒuchī","动",""
"1-7790","口径","kǒujìng","名",""
"1-7791","口令","kǒulìng","名",""
"1-7792","口气","kǒuqì","名",""
"1-7793","口哨儿","kǒushàor","名",""
"1-7794","口水","kǒushuǐ","名",""
"1-7795","口头禅","kǒutóuchán","名",""
"1-7796","口香糖","kǒuxiāngtáng","名",""
"1-7797","口音","kǒuyīn","名",""
"1-7798","口罩","kǒuzhào","名",""
"1-7799","口子","kǒuzi","名",""
"1-7800","扣除","kòuchú","动",""
"1-7801","扣留","kòuliú","动",""
"1-7802","扣人心弦","kòurénxīnxián","",""
"1-7803","扣押","kòuyā","动",""
"1-7804","枯竭","kūjié","形",""
"1-7805","窟窿","kūlong","名",""
"1-7806","哭泣","kūqì","动",""
"1-7807","枯萎","kūwěi","形",""
"1-7808","哭笑不得","kūxiào-bùdé","",""
"1-7809","苦尽甘来","kǔjìn-gānlái","",""
"1-7810","苦难","kǔnàn","名",""
"1-7811","苦恼","kǔnǎo","形",""
"1-7812","苦涩","kǔsè","形",""
"1-7813","苦笑","kǔxiào","动",""
"1-7814","苦心","kǔxīn","名、副",""
"1-7815","库存","kùcún","名",""
"1-7816","酷似","kùsì","动",""
"1-7817","夸大","kuādà","动",""
"1-7818","夸夸其谈","kuākuā-qítán","",""
"1-7819","夸耀","kuāyào","动",""
"1-7820","垮","kuǎ","动",""
"1-7821","挎","kuà","动",""
"1-7822","跨","kuà","动",""
"1-7823","跨度","kuàdù","名",""
"1-7824","跨国","kuàguó","动",""
"1-7825","跨越","kuàyuè","动",""
"1-7826","快活","kuàihuo","形",""
"1-7827","宽敞","kuānchang","形",""
"1-7828","宽泛","kuānfàn","形",""
"1-7829","宽广","kuānguǎng","形",""
"1-7830","宽厚","kuānhòu","形",""
"1-7831","宽阔","kuānkuò","形",""
"1-7832","宽容","kuānróng","动",""
"1-7833","宽恕","kuānshù","动",""
"1-7834","宽松","kuānsōng","形",""
"1-7835","款待","kuǎndài","动",""
"1-7836","款项","kuǎnxiàng","名",""
"1-7837","筐","kuāng","名",""
"1-7838","狂","kuáng","形",""
"1-7839","狂欢","kuánghuān","动",""
"1-7840","狂热","kuángrè","形",""
"1-7841","矿","kuàng","名",""
"1-7842","框","kuàng","名、动",""
"1-7843","矿藏","kuàngcáng","名",""
"1-7844","矿产","kuàngchǎn","名",""
"1-7845","框架","kuàngjià","名",""
"1-7846","旷课","kuàngkè","动",""
"1-7847","况且","kuàngqiě","连",""
"1-7848","亏本","kuīběn","动",""
"1-7849","亏待","kuīdài","动",""
"1-7850","捆","kǔn","动、名、量",""
"1-7851","困惑","kùnhuò","形、动",""
"1-7852","困境","kùnjìng","名",""
"1-7853","扩","kuò","动",""
"1-7854","扩充","kuòchōng","动",""
"1-7855","阔绰","kuòchuò","形",""
"1-7856","括号","kuòhào","名",""
"1-7857","扩建","kuòjiàn","动",""
"1-7858","扩散","kuòsàn","动",""
"1-7859","扩张","kuòzhāng","动",""
"1-7860","拉动","lādòng","动",""
"1-7861","啦啦队","lālāduì","名",""
"1-7862","拉链","lāliàn","名",""
"1-7863","拉拢","lālǒng","动",""
"1-7864","喇叭","lǎba","名",""
"1-7865","蜡","là","名",""
"1-7866","腊月","làyuè","名",""
"1-7867","蜡烛","làzhú","名",""
"1-7868","来宾","láibīn","名",""
"1-7869","来电","láidiàn","动、名",""
"1-7870","来访","láifǎng","动",""
"1-7871","来回","láihuí","动、名、副",""
"1-7872","来历","láilì","名",""
"1-7873","来龙去脉","láilóng-qùmài","",""
"1-7874","来年","láinián","名",""
"1-7875","来之不易","láizhī-búyì","",""
"1-7876","栏杆","lángān","名",""
"1-7877","栏目","lánmù","名",""
"1-7878","蓝图","lántú","名",""
"1-7879","揽","lǎn","动",""
"1-7880","缆车","lǎnchē","名",""
"1-7881","懒得","lǎnde","动",""
"1-7882","懒惰","lǎnduò","形",""
"1-7883","滥用","lànyòng","动",""
"1-7884","狼狈","lángbèi","形",""
"1-7885","狼吞虎咽","lángtūn-hǔyàn","",""
"1-7886","朗诵","lǎngsòng","动",""
"1-7887","捞","lāo","动",""
"1-7888","唠叨","láodao","动",""
"1-7889","牢固","láogù","形",""
"1-7890","牢记","láojì","动",""
"1-7891","劳驾","láojià","动",""
"1-7892","牢牢","láoláo","副",""
"1-7893","劳累","láolèi","形",""
"1-7894","牢骚","láosāo","名",""
"1-7895","劳务","láowù","名",""
"1-7896","老伴儿","lǎobànr","名",""
"1-7897","老大","lǎodà","形、副",""
"1-7898","老化","lǎohuà","动",""
"1-7899","老人家","lǎorenjia","名",""
"1-7900","老乡","lǎoxiāng","名",""
"1-7901","老字号","lǎozìhao","名",""
"1-7902","涝","lào","形",""
"1-7903","乐此不疲","lècǐ-bùpí","",""
"1-7904","乐意","lèyì","动、形",""
"1-7905","乐园","lèyuán","名",""
"1-7906","勒","lēi","动",""
"1-7907","雷达","léidá","名",""
"1-7908","雷同","léitóng","形",""
"1-7909","累赘","léizhui","形、动、名",""
"1-7910","累计","lěijì","动",""
"1-7911","累积","lěijī","动",""
"1-7912","棱角","léngjiǎo","名",""
"1-7913","冷淡","lěngdàn","形、动",""
"1-7914","冷冻","lěngdòng","动",""
"1-7915","冷酷","lěngkù","形",""
"1-7916","冷落","lěngluò","形、动",""
"1-7917","冷门","lěngmén","名",""
"1-7918","冷漠","lěngmò","形",""
"1-7919","冷气","lěngqì","名",""
"1-7920","冷却","lěngquè","动",""
"1-7921","冷战","lěngzhàn","名",""
"1-7922","愣","lèng","动、形、副",""
"1-7923","黎明","límíng","名",""
"1-7924","离谱儿","lípǔr","形",""
"1-7925","离奇","líqí","形",""
"1-7926","理睬","lǐcǎi","动",""
"1-7927","里程碑","lǐchéngbēi","名",""
"1-7928","礼服","lǐfú","名",""
"1-7929","理会","lǐhuì","动",""
"1-7930","礼节","lǐjié","名",""
"1-7931","礼品","lǐpǐn","名",""
"1-7932","礼尚往来","lǐshàngwǎnglái","",""
"1-7933","理事","lǐshì","动、名",""
"1-7934","理所当然","lǐsuǒdāngrán","",""
"1-7935","礼堂","lǐtáng","名",""
"1-7936","礼仪","lǐyí","名",""
"1-7937","鲤鱼","lǐyú","名",""
"1-7938","理智","lǐzhì","名、形",""
"1-7939","理直气壮","lǐzhí-qìzhuàng","",""
"1-7940","立案","lì’àn","动",""
"1-7941","利弊","lìbì","名",""
"1-7942","力不从心","lìbùcóngxīn","",""
"1-7943","历程","lìchéng","名",""
"1-7944","历代","lìdài","名",""
"1-7945","立法","lìfǎ","动",""
"1-7946","立方","lìfāng","名、量",""
"1-7947","立方米","lìfāngmǐ","量",""
"1-7948","立功","lìgōng","动",""
"1-7949","利害","lìhài","名",""
"1-7950","立交桥","lìjiāoqiáo","名",""
"1-7951","历届","lìjiè","形",""
"1-7952","历来","lìlái","副",""
"1-7953","莅临","lìlín","动",""
"1-7954","利率","lìlǜ","名",""
"1-7955","力求","lìqiú","动",""
"1-7956","历时","lìshí","动、形",""
"1-7957","利索","lìsuo","形",""
"1-7958","力所能及","lìsuǒnéngjí","",""
"1-7959","立体","lìtǐ","形、名",""
"1-7960","力争","lìzhēng","动",""
"1-7961","励志","lìzhì","动",""
"1-7962","立足","lìzú","动",""
"1-7963","连贯","liánguàn","动",""
"1-7964","联欢","liánhuān","动",""
"1-7965","廉价","liánjià","形",""
"1-7966","廉洁","liánjié","形",""
"1-7967","连连","liánlián","副",""
"1-7968","联络","liánluò","动",""
"1-7969","联盟","liánméng","名",""
"1-7970","连绵","liánmián","动",""
"1-7971","连年","liánnián","动",""
"1-7972","连任","liánrèn","动",""
"1-7973","联赛","liánsài","名",""
"1-7974","联手","liánshǒu","动",""
"1-7975","连锁","liánsuǒ","形",""
"1-7976","连同","liántóng","连",""
"1-7977","怜惜","liánxī","动",""
"1-7978","连夜","liányè","副、动",""
"1-7979","廉正","liánzhèng","形",""
"1-7980","帘子","liánzi","名",""
"1-7981","莲子","liánzǐ","名",""
"1-7982","脸颊","liǎnjiá","名",""
"1-7983","炼","liàn","动",""
"1-7984","恋恋不舍","liànliàn-bùshě","",""
"1-7985","良","liáng","副",""
"1-7986","凉爽","liángshuǎng","形",""
"1-7987","良心","liángxīn","名",""
"1-7988","良性","liángxìng","形",""
"1-7989","两口子","liǎngkǒuzi","名",""
"1-7990","两栖","liǎngqī","动",""
"1-7991","两手","liǎngshǒu","名",""
"1-7992","两下子","liǎngxiàzi","数量、名",""
"1-7993","两翼","liǎngyì","名",""
"1-7994","亮点","liàngdiǎn","名",""
"1-7995","量化","liànghuà","动",""
"1-7996","谅解","liàngjiě","动",""
"1-7997","亮丽","liànglì","形",""
"1-7998","亮相","liàngxiàng","动",""
"1-7999","潦草","liáocǎo","形",""
"1-8000","疗法","liáofǎ","名",""
"1-8001","辽阔","liáokuò","形",""
"1-8002","寥寥无几","liáoliáo-wújǐ","",""
"1-8003","疗效","liáoxiào","名",""
"1-8004","疗养","liáoyǎng","动",""
"1-8005","了结","liǎojié","动",""
"1-8006","料理","liàolǐ","动、名",""
"1-8007","咧嘴","liězuǐ","动",""
"1-8008","裂","liè","动",""
"1-8009","裂缝","lièfèng","动、名",""
"1-8010","裂痕","lièhén","名",""
"1-8011","列举","lièjǔ","动",""
"1-8012","猎人","lièrén","名",""
"1-8013","烈日","lièrì","名",""
"1-8014","劣势","lièshì","名",""
"1-8015","烈士","lièshì","名",""
"1-8016","猎物","lièwù","名",""
"1-8017","劣质","lièzhì","形",""
"1-8018","拎","līn","动",""
"1-8019","临","lín","动、介",""
"1-8020","临床","línchuáng","动",""
"1-8021","临街","línjiē","动",""
"1-8022","临近","línjìn","动",""
"1-8023","吝啬","lìnsè","形",""
"1-8024","灵","líng","形、名",""
"1-8025","灵感","línggǎn","名",""
"1-8026","灵魂","línghún","名",""
"1-8027","零件","língjiàn","名",""
"1-8028","灵机一动","língjī-yídòng","",""
"1-8029","灵敏","língmǐn","形",""
"1-8030","灵巧","língqiǎo","形",""
"1-8031","零售","língshòu","动",""
"1-8032","零碎","língsuì","形、名",""
"1-8033","聆听","língtīng","动",""
"1-8034","灵通","língtōng","形",""
"1-8035","零星","língxīng","形",""
"1-8036","领队","lǐngduì","动、名",""
"1-8037","领会","lǐnghuì","动",""
"1-8038","领军","lǐngjūn","动",""
"1-8039","领略","lǐnglüè","动",""
"1-8040","领事","lǐngshì","名",""
"1-8041","领事馆","lǐngshìguǎn","名",""
"1-8042","领土","lǐngtǔ","名",""
"1-8043","领悟","lǐngwù","动",""
"1-8044","领袖","lǐngxiù","名",""
"1-8045","领养","lǐngyǎng","动",""
"1-8046","溜","liū","动",""
"1-8047","溜达","liūda","动",""
"1-8048","流畅","liúchàng","形",""
"1-8049","流浪","liúlàng","动",""
"1-8050","留恋","liúliàn","动",""
"1-8051","流露","liúlù","动",""
"1-8052","流氓","liúmáng","名",""
"1-8053","留念","liúniàn","动",""
"1-8054","流派","liúpài","名",""
"1-8055","留神","liúshén","动",""
"1-8056","流逝","liúshì","动",""
"1-8057","流失","liúshī","动",""
"1-8058","流水","liúshuǐ","名",""
"1-8059","流淌","liútǎng","动",""
"1-8060","流向","liúxiàng","名",""
"1-8061","留心","liúxīn","动",""
"1-8062","流血","liúxuè","动",""
"1-8063","留意","liúyì","动",""
"1-8064","流域","liúyù","名",""
"1-8065","流转","liúzhuǎn","动",""
"1-8066","柳树","liǔshù","名",""
"1-8067","遛","liù","动",""
"1-8068","聋","lóng","形",""
"1-8069","龙头","lóngtóu","名",""
"1-8070","隆重","lóngzhòng","形",""
"1-8071","笼子","lóngzi","名",""
"1-8072","垄断","lǒngduàn","动",""
"1-8073","笼统","lǒngtǒng","形",""
"1-8074","笼罩","lǒngzhào","动",""
"1-8075","搂","lǒu","动",""
"1-8076","露面","lòumiàn","动",""
"1-8077","炉子","lúzi","名",""
"1-8078","鲁莽","lǔmǎng","形",""
"1-8079","卤味","lǔwèi","名",""
"1-8080","鹿","lù","名",""
"1-8081","露2","lù","名",""
"1-8082","路段","lùduàn","名",""
"1-8083","路径","lùjìng","名",""
"1-8084","陆军","lùjūn","名",""
"1-8085","露天","lùtiān","名、形",""
"1-8086","路途","lùtú","名",""
"1-8087","露营","lùyíng","动",""
"1-8088","路子","lùzi","名",""
"1-8089","屡","lǚ","副",""
"1-8090","缕","lǚ","量",""
"1-8091","屡次","lǚcì","副",""
"1-8092","屡屡","lǚlǚ","副",""
"1-8093","绿地","lǜdì","名",""
"1-8094","绿洲","lǜzhōu","名",""
"1-8095","孪生","luánshēng","形",""
"1-8096","卵","luǎn","名",""
"1-8097","乱七八糟","luànqībāzāo","",""
"1-8098","略","lüè","形、动、副",""
"1-8099","掠夺","lüèduó","动",""
"1-8100","略微","lüèwēi","副",""
"1-8101","抡","lūn","动",""
"1-8102","轮换","lúnhuàn","动",""
"1-8103","轮廓","lúnkuò","名",""
"1-8104","伦理","lúnlǐ","名",""
"1-8105","轮胎","lúntāi","名",""
"1-8106","论述","lùnshù","动",""
"1-8107","论证","lùnzhèng","动、名",""
"1-8108","啰唆","luōsuo","形、动",""
"1-8109","萝卜","luóbo","名",""
"1-8110","螺丝","luósī","名",""
"1-8111","裸","luǒ","动",""
"1-8112","裸露","luǒlù","动",""
"1-8113","裸体","luǒtǐ","动、名",""
"1-8114","落差","luòchā","名",""
"1-8115","落成","luòchéng","动",""
"1-8116","落户","luòhù","动",""
"1-8117","落实","luòshí","动",""
"1-8118","络绎不绝","luòyì-bùjué","",""
"1-8119","麻1","má","形",""
"1-8120","麻2","má","名",""
"1-8121","麻痹","mábì","动、形",""
"1-8122","麻将","májiàng","名",""
"1-8123","麻辣","málà","形",""
"1-8124","麻木","mámù","形",""
"1-8125","麻醉","mázuì","动",""
"1-8126","码1","mǎ","量",""
"1-8127","码2","mǎ","动",""
"1-8128","马后炮","mǎhòupào","名",""
"1-8129","马力","mǎlì","量",""
"1-8130","马桶","mǎtǒng","名",""
"1-8131","埋藏","máicáng","动",""
"1-8132","埋伏","máifú","动",""
"1-8133","埋没","máimò","动",""
"1-8134","埋头苦干","máitóu-kǔgàn","",""
"1-8135","埋葬","máizàng","动",""
"1-8136","脉搏","màibó","名",""
"1-8137","脉络","màiluò","名",""
"1-8138","瞒","mán","动",""
"1-8139","埋怨","mányuàn","动",""
"1-8140","满怀","mǎnhuái","动、名",""
"1-8141","漫","màn","动",""
"1-8142","慢性","mànxìng","形",""
"1-8143","蔓延","mànyán","动",""
"1-8144","漫游","mànyóu","动",""
"1-8145","忙活","mánghuo","动",""
"1-8146","忙乱","mángluàn","形",""
"1-8147","茫茫","mángmáng","形",""
"1-8148","盲目","mángmù","形",""
"1-8149","茫然","mángrán","形",""
"1-8150","矛头","máotóu","名",""
"1-8151","冒充","màochōng","动",""
"1-8152","冒犯","màofàn","动",""
"1-8153","冒昧","màomèi","形",""
"1-8154","茂密","màomì","形",""
"1-8155","茂盛","màoshèng","形",""
"1-8156","枚","méi","量",""
"1-8157","媒介","méijiè","名",""
"1-8158","没劲","méijìn","动、形",""
"1-8159","眉开眼笑","méikāi-yǎnxiào","",""
"1-8160","煤气","méiqì","名",""
"1-8161","煤炭","méitàn","名",""
"1-8162","没完没了","méiwán-méiliǎo","",""
"1-8163","没辙","méizhé","动",""
"1-8164","没准儿","méizhǔnr","动",""
"1-8165","美德","měidé","名",""
"1-8166","美化","měihuà","动",""
"1-8167","美满","měimǎn","形",""
"1-8168","美妙","měimiào","形",""
"1-8169","美容","měiróng","动",""
"1-8170","美学","měixué","名",""
"1-8171","美誉","měiyù","名",""
"1-8172","美中不足","měizhōng-bùzú","",""
"1-8173","美滋滋","měizīzī","形",""
"1-8174","闷","mēn","形、动",""
"1-8175","闷热","mēnrè","形",""
"1-8176","门槛","ménkǎn","名",""
"1-8177","门路","ménlu","名",""
"1-8178","闷","mèn","形",""
"1-8179","蒙","mēng","动",""
"1-8180","蒙","méng","动",""
"1-8181","萌发","méngfā","动",""
"1-8182","朦胧","ménglóng","形",""
"1-8183","萌芽","méngyá","动、名",""
"1-8184","盟友","méngyǒu","名",""
"1-8185","猛","měng","形",""
"1-8186","猛烈","měngliè","形",""
"1-8187","猛然","měngrán","副",""
"1-8188","梦幻","mènghuàn","名",""
"1-8189","梦寐以求","mèngmèiyǐqiú","",""
"1-8190","眯","mī","动",""
"1-8191","谜","mí","名",""
"1-8192","谜底","mídǐ","名",""
"1-8193","迷惑","míhuò","形、动",""
"1-8194","迷恋","míliàn","动",""
"1-8195","弥漫","mímàn","动",""
"1-8196","迷失","míshī","动",""
"1-8197","谜团","mítuán","名",""
"1-8198","迷信","míxìn","动",""
"1-8199","谜语","míyǔ","名",""
"1-8200","密布","mìbù","动",""
"1-8201","秘方","mìfāng","名",""
"1-8202","密封","mìfēng","动",""
"1-8203","秘诀","mìjué","名",""
"1-8204","蜜月","mìyuè","名",""
"1-8205","棉花","miánhuā","名",""
"1-8206","免不了","miǎnbuliǎo","动",""
"1-8207","免除","miǎnchú","动",""
"1-8208","免得","miǎnde","连",""
"1-8209","缅怀","miǎnhuái","动",""
"1-8210","勉励","miǎnlì","动",""
"1-8211","腼腆","miǎntiǎn","形",""
"1-8212","免职","miǎnzhí","动",""
"1-8213","面红耳赤","miànhóng-ěrchì","",""
"1-8214","面孔","miànkǒng","名",""
"1-8215","面貌","miànmào","名",""
"1-8216","面面俱到","miànmiàn-jùdào","",""
"1-8217","面目全非","miànmù-quánfēi","",""
"1-8218","苗","miáo","名",""
"1-8219","苗条","miáotiao","形",""
"1-8220","苗头","miáotou","名",""
"1-8221","瞄准","miáozhǔn","动",""
"1-8222","藐视","miǎoshì","动",""
"1-8223","渺小","miǎoxiǎo","形",""
"1-8224","庙","miào","名",""
"1-8225","庙会","miàohuì","名",""
"1-8226","灭绝","mièjué","动",""
"1-8227","蔑视","mièshì","动",""
"1-8228","灭亡","mièwáng","动",""
"1-8229","民办","mínbàn","形",""
"1-8230","民居","mínjū","名",""
"1-8231","民生","mínshēng","名",""
"1-8232","民事","mínshì","形",""
"1-8233","民意","mínyì","名",""
"1-8234","民营","mínyíng","形",""
"1-8235","民用","mínyòng","形",""
"1-8236","敏捷","mǐnjié","形",""
"1-8237","敏锐","mǐnruì","形",""
"1-8238","鸣","míng","动",""
"1-8239","名次","míngcì","名",""
"1-8240","名副其实","míngfùqíshí","",""
"1-8241","名贵","míngguì","形",""
"1-8242","铭记","míngjì","动",""
"1-8243","明朗","mínglǎng","形",""
"1-8244","名利","mínglì","名",""
"1-8245","明媚","míngmèi","形",""
"1-8246","名声","míngshēng","名",""
"1-8247","名言","míngyán","名",""
"1-8248","名义","míngyì","名",""
"1-8249","名誉","míngyù","名、形",""
"1-8250","明智","míngzhì","形",""
"1-8251","名著","míngzhù","名",""
"1-8252","命2","mìng","动",""
"1-8253","摸索","mōsuǒ","动",""
"1-8254","膜","mó","名",""
"1-8255","磨","mó","动",""
"1-8256","摩擦","mócā","动、名",""
"1-8257","魔法","mófǎ","名",""
"1-8258","模范","mófàn","名、形",""
"1-8259","蘑菇","mógu","名",""
"1-8260","魔鬼","móguǐ","名",""
"1-8261","磨合","móhé","动",""
"1-8262","魔力","mólì","名",""
"1-8263","磨炼","móliàn","动",""
"1-8264","磨难","mónàn","名",""
"1-8265","魔术","móshù","名",""
"1-8266","磨损","mósǔn","动",""
"1-8267","抹","mǒ","动、量",""
"1-8268","抹杀","mǒshā","动",""
"1-8269","墨","mò","名",""
"1-8270","莫大","mòdà","形",""
"1-8271","莫非","mòfēi","副",""
"1-8272","茉莉","mòlì","名",""
"1-8273","没落","mòluò","动",""
"1-8274","莫名其妙","mòmíngqímiào","",""
"1-8275","默默无闻","mòmò-wúwén","",""
"1-8276","默契","mòqì","形、名",""
"1-8277","漠然","mòrán","形",""
"1-8278","末日","mòrì","名",""
"1-8279","没收","mòshōu","动",""
"1-8280","墨水","mòshuǐ","名",""
"1-8281","谋害","móuhài","动",""
"1-8282","谋划","móuhuà","动",""
"1-8283","谋求","móuqiú","动",""
"1-8284","谋取","móuqǔ","动",""
"1-8285","谋生","móushēng","动",""
"1-8286","亩","mǔ","量",""
"1-8287","牡丹","mǔdan","名",""
"1-8288","拇指","mǔzhǐ","名",""
"1-8289","墓","mù","名",""
"1-8290","幕","mù","量",""
"1-8291","墓碑","mùbēi","名",""
"1-8292","目不转睛","mùbùzhuǎnjīng","",""
"1-8293","牧场","mùchǎng","名",""
"1-8294","目瞪口呆","mùdèng-kǒudāi","",""
"1-8295","墓地","mùdì","名",""
"1-8296","目睹","mùdǔ","动",""
"1-8297","幕后","mùhòu","名",""
"1-8298","木匠","mùjiàng","名",""
"1-8299","募捐","mùjuān","动",""
"1-8300","牧民","mùmín","名",""
"1-8301","木偶","mù’ǒu","名",""
"1-8302","沐浴","mùyù","动",""
"1-8303","目中无人","mùzhōng-wúrén","",""
"1-8304","拿手","náshǒu","形",""
"1-8305","呐喊","nàhǎn","动",""
"1-8306","纳闷儿","nàmènr","动",""
"1-8307","纳入","nàrù","动",""
"1-8308","纳税","nàshuì","动",""
"1-8309","纳税人","nàshuìrén","名",""
"1-8310","乃","nǎi","副",""
"1-8311","奶酪","nǎilào","名",""
"1-8312","乃至","nǎizhì","连",""
"1-8313","耐","nài","动",""
"1-8314","耐人寻味","nàirénxúnwèi","",""
"1-8315","耐用","nàiyòng","形",""
"1-8316","难处","nánchù","名",""
"1-8317","难得一见","nándé yí jiàn","",""
"1-8318","男方","nánfāng","名",""
"1-8319","南瓜","nánguā","名",""
"1-8320","难怪","nánguài","动、副",""
"1-8321","难关","nánguān","名",""
"1-8322","难堪","nánkān","动、形",""
"1-8323","难能可贵","nánnéng-kěguì","",""
"1-8324","难为情","nánwéiqíng","形",""
"1-8325","难以置信","nányǐ-zhìxìn","",""
"1-8326","南辕北辙","nányuán-běizhé","",""
"1-8327","挠","náo","动",""
"1-8328","脑海","nǎohǎi","名",""
"1-8329","恼火","nǎohuǒ","形",""
"1-8330","恼羞成怒","nǎoxiū-chéngnù","",""
"1-8331","闹事","nàoshì","动",""
"1-8332","内存","nèicún","名",""
"1-8333","内地","nèidì","名",""
"1-8334","内行","nèiháng","形、名",""
"1-8335","内幕","nèimù","名",""
"1-8336","内向","nèixiàng","形",""
"1-8337","内需","nèixū","名",""
"1-8338","内在","nèizài","形",""
"1-8339","内脏","nèizàng","名",""
"1-8340","嫩","nèn","形",""
"1-8341","能耗","nénghào","名",""
"1-8342","能耐","néngnai","名、形",""
"1-8343","能人","néngrén","名",""
"1-8344","泥泞","nínìng","形",""
"1-8345","泥潭","nítán","名",""
"1-8346","泥土","nítǔ","名",""
"1-8347","拟","nǐ","动",""
"1-8348","拟定","nǐdìng","动",""
"1-8349","逆","nì","动",""
"1-8350","逆境","nìjìng","名",""
"1-8351","匿名","nìmíng","动",""
"1-8352","溺水","nìshuǐ","动",""
"1-8353","逆行","nìxíng","动",""
"1-8354","黏","nián","形",""
"1-8355","年报","niánbào","名",""
"1-8356","年画","niánhuà","名",""
"1-8357","年均","niánjūn","动",""
"1-8358","年轮","niánlún","名",""
"1-8359","年迈","niánmài","形",""
"1-8360","年限","niánxiàn","名",""
"1-8361","年薪","niánxīn","名",""
"1-8362","撵","niǎn","动",""
"1-8363","念念不忘","niànniàn-búwàng","",""
"1-8364","念头","niàntou","名",""
"1-8365","娘","niáng","名",""
"1-8366","酿造","niàngzào","动",""
"1-8367","鸟巢","niǎocháo","名",""
"1-8368","尿","niào","名、动",""
"1-8369","捏","niē","动",""
"1-8370","拧","níng","动",""
"1-8371","凝固","nínggù","动",""
"1-8372","凝结","níngjié","动",""
"1-8373","宁静","níngjìng","形",""
"1-8374","凝聚","níngjù","动",""
"1-8375","凝视","níngshì","动",""
"1-8376","拧","nǐng","动",""
"1-8377","宁可","nìngkě","副",""
"1-8378","宁愿","nìngyuàn","副",""
"1-8379","纽带","niǔdài","名",""
"1-8380","纽扣","niǔkòu","名",""
"1-8381","扭曲","niǔqū","动",""
"1-8382","扭头","niǔtóu","动",""
"1-8383","扭转","niǔzhuǎn","动",""
"1-8384","农场","nóngchǎng","名",""
"1-8385","农历","nónglì","名",""
"1-8386","农民工","nóngmíngōng","名",""
"1-8387","浓缩","nóngsuō","动",""
"1-8388","浓郁","nóngyù","形",""
"1-8389","浓重","nóngzhòng","形",""
"1-8390","弄虚作假","nòngxū-zuòjiǎ","",""
"1-8391","奴隶","núlì","名",""
"1-8392","女方","nǚfāng","名",""
"1-8393","女婿","nǚxu","名",""
"1-8394","暖烘烘","nuǎnhōnghōng","形",""
"1-8395","虐待","nüèdài","动",""
"1-8396","挪","nuó","动",""
"1-8397","诺言","nuòyán","名",""
"1-8398","殴打","ōudǎ","动",""
"1-8399","呕吐","ǒutù","动",""
"1-8400","趴","pā","动",""
"1-8401","拍板","pāibǎn","动",""
"1-8402","拍卖","pāimài","动",""
"1-8403","排查","páichá","动",""
"1-8404","排斥","páichì","动",""
"1-8405","排行榜","páihángbǎng","名",""
"1-8406","徘徊","páihuái","动",""
"1-8407","牌照","páizhào","名",""
"1-8408","派别","pàibié","名",""
"1-8409","派遣","pàiqiǎn","动",""
"1-8410","攀","pān","动",""
"1-8411","攀登","pāndēng","动",""
"1-8412","攀升","pānshēng","动",""
"1-8413","盘算","pánsuan","动",""
"1-8414","盘旋","pánxuán","动",""
"1-8415","判","pàn","动",""
"1-8416","盼","pàn","动",""
"1-8417","判处","pànchǔ","动",""
"1-8418","判定","pàndìng","动",""
"1-8419","判决","pànjué","动",""
"1-8420","叛逆","pànnì","动、名",""
"1-8421","旁人","pángrén","代",""
"1-8422","螃蟹","pángxiè","名",""
"1-8423","胖乎乎","pànghūhū","形",""
"1-8424","抛弃","pāoqì","动",""
"1-8425","刨","páo","动",""
"1-8426","跑龙套","pǎo lóngtào","",""
"1-8427","炮","pào","名",""
"1-8428","泡沫","pàomò","名",""
"1-8429","胚胎","pēitāi","名",""
"1-8430","佩戴","pèidài","动",""
"1-8431","配方","pèifāng","动、名",""
"1-8432","配件","pèijiàn","名",""
"1-8433","配角","pèijué","名",""
"1-8434","配偶","pèi’ǒu","名",""
"1-8435","配音","pèiyīn","动",""
"1-8436","配置","pèizhì","动",""
"1-8437","喷泉","pēnquán","名",""
"1-8438","盆地","péndì","名",""
"1-8439","抨击","pēngjī","动",""
"1-8440","烹饪","pēngrèn","动",""
"1-8441","烹调","pēngtiáo","动",""
"1-8442","棚","péng","名",""
"1-8443","蓬勃","péngbó","形",""
"1-8444","鹏程万里","péngchéng-wànlǐ","",""
"1-8445","澎湃","péngpài","形",""
"1-8446","膨胀","péngzhàng","动",""
"1-8447","捧场","pěngchǎng","动",""
"1-8448","碰钉子","pèng dīngzi","",""
"1-8449","碰巧","pèngqiǎo","副",""
"1-8450","劈","pī","动",""
"1-8451","批发","pīfā","动",""
"1-8452","披露","pīlù","动",""
"1-8453","批判","pīpàn","动",""
"1-8454","脾","pí","名",""
"1-8455","疲惫","píbèi","形",""
"1-8456","皮革","pígé","名",""
"1-8457","疲倦","píjuàn","形",""
"1-8458","匹配","pǐpèi","动",""
"1-8459","屁股","pìgu","名",""
"1-8460","僻静","pìjìng","形",""
"1-8461","媲美","pìměi","动",""
"1-8462","譬如","pìrú","动",""
"1-8463","偏","piān","形、动、副",""
"1-8464","偏爱","piān’ài","动",""
"1-8465","偏差","piānchā","名",""
"1-8466","篇幅","piānfú","名",""
"1-8467","偏见","piānjiàn","名",""
"1-8468","偏离","piānlí","动",""
"1-8469","偏旁","piānpáng","名",""
"1-8470","偏僻","piānpì","形",""
"1-8471","偏偏","piānpiān","副",""
"1-8472","偏向","piānxiàng","名、动",""
"1-8473","偏远","piānyuǎn","形",""
"1-8474","片子","piānzi","名",""
"1-8475","片段","piànduàn","名",""
"1-8476","漂泊","piāobó","动",""
"1-8477","飘浮","piāofú","动",""
"1-8478","漂浮","piāofú","动",""
"1-8479","漂流","piāoliú","动",""
"1-8480","飘扬","piāoyáng","动",""
"1-8481","票房","piàofáng","名",""
"1-8482","撇","piě","动、名",""
"1-8483","拼搏","pīnbó","动",""
"1-8484","拼接","pīnjiē","动",""
"1-8485","拼命","pīnmìng","动、副",""
"1-8486","贫乏","pínfá","形",""
"1-8487","频频","pínpín","副",""
"1-8488","贫穷","pínqióng","形",""
"1-8489","品德","pǐndé","名",""
"1-8490","品位","pǐnwèi","名",""
"1-8491","品味","pǐnwèi","动、名",""
"1-8492","品行","pǐnxíng","名",""
"1-8493","聘","pìn","动",""
"1-8494","聘任","pìnrèn","动",""
"1-8495","聘用","pìnyòng","动",""
"1-8496","屏蔽","píngbì","动",""
"1-8497","平淡","píngdàn","形",""
"1-8498","评定","píngdìng","动",""
"1-8499","平房","píngfáng","名",""
"1-8500","平和","pínghé","形",""
"1-8501","平价","píngjià","动、名",""
"1-8502","瓶颈","píngjǐng","名",""
"1-8503","平面","píngmiàn","名",""
"1-8504","评判","píngpàn","动",""
"1-8505","平日","píngrì","名",""
"1-8506","评审","píngshěn","动、名",""
"1-8507","萍水相逢","píngshuǐ-xiāngféng","",""
"1-8508","平坦","píngtǎn","形",""
"1-8509","评委","píngwěi","名",""
"1-8510","平稳","píngwěn","形",""
"1-8511","平息","píngxī","动",""
"1-8512","平行","píngxíng","形、动",""
"1-8513","平庸","píngyōng","形",""
"1-8514","平原","píngyuán","名",""
"1-8515","屏障","píngzhàng","名",""
"1-8516","凭证","píngzhèng","名",""
"1-8517","颇","pō","副",""
"1-8518","泼冷水","pō lěngshuǐ","",""
"1-8519","破案","pò’àn","动",""
"1-8520","迫不及待","pòbùjídài","",""
"1-8521","破除","pòchú","动",""
"1-8522","迫害","pòhài","动",""
"1-8523","破解","pòjiě","动",""
"1-8524","破旧","pòjiù","形",""
"1-8525","破例","pòlì","动",""
"1-8526","魄力","pòlì","名",""
"1-8527","破裂","pòliè","动",""
"1-8528","破灭","pòmiè","动",""
"1-8529","迫使","pòshǐ","动",""
"1-8530","破碎","pòsuì","动",""
"1-8531","扑克","pūkè","名",""
"1-8532","铺路","pūlù","动",""
"1-8533","扑面而来","pūmiàn’érlái","",""
"1-8534","菩萨","púsà","名",""
"1-8535","谱","pǔ","名、动",""
"1-8536","朴实","pǔshí","形",""
"1-8537","瀑布","pùbù","名",""
"1-8538","沏","qī","动",""
"1-8539","漆","qī","名、动",""
"1-8540","欺负","qīfu","动",""
"1-8541","漆黑","qīhēi","形",""
"1-8542","凄凉","qīliáng","形",""
"1-8543","期盼","qīpàn","动",""
"1-8544","蹊跷","qīqiao","形",""
"1-8545","欺诈","qīzhà","动",""
"1-8546","七嘴八舌","qīzuǐ-bāshé","",""
"1-8547","祈祷","qídǎo","动",""
"1-8548","奇观","qíguān","名",""
"1-8549","奇妙","qímiào","形",""
"1-8550","旗袍","qípáo","名",""
"1-8551","崎岖","qíqū","形",""
"1-8552","歧视","qíshì","动",""
"1-8553","奇特","qítè","形",""
"1-8554","齐心协力","qíxīn-xiélì","",""
"1-8555","旗帜","qízhì","名",""
"1-8556","起步","qǐbù","动",""
"1-8557","起草","qǐcǎo","动",""
"1-8558","启程","qǐchéng","动",""
"1-8559","起程","qǐchéng","动",""
"1-8560","启迪","qǐdí","动",""
"1-8561","起伏","qǐfú","动",""
"1-8562","乞丐","qǐgài","名",""
"1-8563","起哄","qǐhòng","动",""
"1-8564","起劲","qǐjìn","形",""
"1-8565","起码","qǐmǎ","形",""
"1-8566","启蒙","qǐméng","动",""
"1-8567","起跑线","qǐpǎoxiàn","名",""
"1-8568","乞求","qǐqiú","动",""
"1-8569","起诉","qǐsù","动",""
"1-8570","乞讨","qǐtǎo","动",""
"1-8571","企图","qǐtú","动、名",""
"1-8572","启用","qǐyòng","动",""
"1-8573","岂有此理","qǐyǒucǐlǐ","",""
"1-8574","器材","qìcái","名",""
"1-8575","气愤","qìfèn","形",""
"1-8576","气管","qìguǎn","名",""
"1-8577","器官","qìguān","名",""
"1-8578","契机","qìjī","名",""
"1-8579","迄今","qìjīn","动",""
"1-8580","器具","qìjù","名",""
"1-8581","气流","qìliú","名",""
"1-8582","气馁","qìněi","形",""
"1-8583","气派","qìpài","名、形",""
"1-8584","气泡","qìpào","名",""
"1-8585","气魄","qìpò","名",""
"1-8586","弃权","qìquán","动",""
"1-8587","气色","qìsè","名",""
"1-8588","气势","qìshì","名",""
"1-8589","气息","qìxī","名",""
"1-8590","气象","qìxiàng","名",""
"1-8591","器械","qìxiè","名",""
"1-8592","气压","qìyā","名",""
"1-8593","契约","qìyuē","名",""
"1-8594","器重","qìzhòng","动",""
"1-8595","掐","qiā","动",""
"1-8596","卡","qiǎ","动、名",""
"1-8597","恰到好处","qiàdào-hǎochù","",""
"1-8598","恰巧","qiàqiǎo","副",""
"1-8599","恰如其分","qiàrú-qífèn","",""
"1-8600","洽谈","qiàtán","动",""
"1-8601","迁","qiān","动",""
"1-8602","签2","qiān","名",""
"1-8603","千变万化","qiānbiàn-wànhuà","",""
"1-8604","牵扯","qiānchě","动",""
"1-8605","千方百计","qiānfāng-bǎijì","",""
"1-8606","牵挂","qiānguà","动",""
"1-8607","迁就","qiānjiù","动",""
"1-8608","千军万马","qiānjūn-wànmǎ","",""
"1-8609","千钧一发","qiānjūn-yífà","",""
"1-8610","牵涉","qiānshè","动",""
"1-8611","签署","qiānshǔ","动",""
"1-8612","牵头","qiāntóu","动",""
"1-8613","迁徙","qiānxǐ","动",""
"1-8614","谦逊","qiānxùn","形",""
"1-8615","迁移","qiānyí","动",""
"1-8616","签约","qiānyuē","动",""
"1-8617","牵制","qiānzhì","动",""
"1-8618","千姿百态","qiānzī-bǎitài","",""
"1-8619","前辈","qiánbèi","名",""
"1-8620","钱财","qiáncái","名",""
"1-8621","前程","qiánchéng","名",""
"1-8622","虔诚","qiánchéng","形",""
"1-8623","潜伏","qiánfú","动",""
"1-8624","前赴后继","qiánfù-hòujì","",""
"1-8625","潜能","qiánnéng","名",""
"1-8626","前任","qiánrèn","名",""
"1-8627","潜入","qiánrù","动",""
"1-8628","潜水","qiánshuǐ","动",""
"1-8629","前所未有","qiánsuǒwèiyǒu","",""
"1-8630","前台","qiántái","名",""
"1-8631","潜艇","qiántǐng","名",""
"1-8632","前无古人","qiánwúgǔrén","",""
"1-8633","前夕","qiánxī","名",""
"1-8634","前线","qiánxiàn","名",""
"1-8635","潜心","qiánxīn","动",""
"1-8636","前沿","qiányán","名",""
"1-8637","潜移默化","qiányí-mòhuà","",""
"1-8638","潜在","qiánzài","形",""
"1-8639","浅显","qiǎnxiǎn","形",""
"1-8640","谴责","qiǎnzé","动",""
"1-8641","欠缺","qiànquē","动、名",""
"1-8642","欠条","qiàntiáo","名",""
"1-8643","歉意","qiànyì","名",""
"1-8644","呛","qiāng","动",""
"1-8645","腔","qiāng","名",""
"1-8646","枪毙","qiāngbì","动",""
"1-8647","强盗","qiángdào","名",""
"1-8648","强加","qiángjiā","动",""
"1-8649","强劲","qiángjìng","形",""
"1-8650","强势","qiángshì","名",""
"1-8651","强项","qiángxiàng","名",""
"1-8652","强行","qiángxíng","副",""
"1-8653","强硬","qiángyìng","形",""
"1-8654","强占","qiángzhàn","动",""
"1-8655","强制","qiángzhì","动",""
"1-8656","抢夺","qiǎngduó","动",""
"1-8657","抢劫","qiǎngjié","动",""
"1-8658","抢眼","qiǎngyǎn","形",""
"1-8659","呛","qiàng","动",""
"1-8660","敲诈","qiāozhà","动",""
"1-8661","憔悴","qiáocuì","形",""
"1-8662","巧合","qiǎohé","形",""
"1-8663","翘","qiào","动",""
"1-8664","撬","qiào","动",""
"1-8665","窍门","qiàomén","名",""
"1-8666","切除","qiēchú","动",""
"1-8667","切磋","qiēcuō","动",""
"1-8668","切割","qiēgē","动",""
"1-8669","切换","qiēhuàn","动",""
"1-8670","且","qiě","连",""
"1-8671","锲而不舍","qiè’érbùshě","",""
"1-8672","切记","qièjì","动",""
"1-8673","切忌","qièjì","动",""
"1-8674","窃取","qièqǔ","动",""
"1-8675","切身","qièshēn","形",""
"1-8676","惬意","qièyì","形",""
"1-8677","侵犯","qīnfàn","动",""
"1-8678","侵害","qīnhài","动",""
"1-8679","亲和力","qīnhélì","名",""
"1-8680","亲近","qīnjìn","形、动",""
"1-8681","侵略","qīnlüè","动",""
"1-8682","钦佩","qīnpèi","动",""
"1-8683","侵权","qīnquán","动",""
"1-8684","亲热","qīnrè","形、动",""
"1-8685","亲身","qīnshēn","形",""
"1-8686","亲生","qīnshēng","形",""
"1-8687","亲手","qīnshǒu","副",""
"1-8688","亲眼","qīnyǎn","副",""
"1-8689","侵占","qīnzhàn","动",""
"1-8690","勤工俭学","qíngōng-jiǎnxué","",""
"1-8691","勤俭","qínjiǎn","形",""
"1-8692","勤快","qínkuai","形",""
"1-8693","琴棋书画","qín-qí-shū-huà","",""
"1-8694","寝室","qǐnshì","名",""
"1-8695","轻而易举","qīng’éryìjǔ","",""
"1-8696","清澈","qīngchè","形",""
"1-8697","清除","qīngchú","动",""
"1-8698","清脆","qīngcuì","形",""
"1-8699","清单","qīngdān","名",""
"1-8700","倾倒","qīngdǎo","动",""
"1-8701","倾家荡产","qīngjiā-dàngchǎn","",""
"1-8702","清静","qīngjìng","形",""
"1-8703","青睐","qīnglài","动",""
"1-8704","清凉","qīngliáng","形",""
"1-8705","轻蔑","qīngmiè","动",""
"1-8706","轻视","qīngshì","动",""
"1-8707","倾诉","qīngsù","动",""
"1-8708","青铜器","qīngtóngqì","名",""
"1-8709","轻微","qīngwēi","形",""
"1-8710","倾销","qīngxiāo","动",""
"1-8711","倾斜","qīngxié","动",""
"1-8712","清新","qīngxīn","形",""
"1-8713","轻型","qīngxíng","形",""
"1-8714","情报","qíngbào","名",""
"1-8715","情不自禁","qíngbúzìjīn","",""
"1-8716","情调","qíngdiào","名",""
"1-8717","情怀","qínghuái","名",""
"1-8718","情结","qíngjié","名",""
"1-8719","情境","qíngjìng","名",""
"1-8720","情理","qínglǐ","名",""
"1-8721","情侣","qínglǚ","名",""
"1-8722","情人","qíngrén","名",""
"1-8723","情商","qíngshāng","名",""
"1-8724","情谊","qíngyì","名",""
"1-8725","情愿","qíngyuàn","动、副",""
"1-8726","请柬","qǐngjiǎn","名",""
"1-8727","请示","qǐngshì","动",""
"1-8728","请帖","qǐngtiě","名",""
"1-8729","庆典","qìngdiǎn","名",""
"1-8730","庆贺","qìnghè","动",""
"1-8731","庆幸","qìngxìng","动",""
"1-8732","丘陵","qiūlíng","名",""
"1-8733","囚犯","qiúfàn","名",""
"1-8734","求同存异","qiútóng-cúnyì","",""
"1-8735","求学","qiúxué","动",""
"1-8736","求医","qiúyī","动",""
"1-8737","求证","qiúzhèng","动",""
"1-8738","驱动","qūdòng","动",""
"1-8739","屈服","qūfú","动",""
"1-8740","区间","qūjiān","名",""
"1-8741","区区","qūqū","形",""
"1-8742","曲线","qūxiàn","名",""
"1-8743","趋于","qūyú","动",""
"1-8744","曲折","qūzhé","形",""
"1-8745","驱逐","qūzhú","动",""
"1-8746","取而代之","qǔ’érdàizhī","",""
"1-8747","取材","qǔcái","动",""
"1-8748","取缔","qǔdì","动",""
"1-8749","取经","qǔjīng","动",""
"1-8750","取决","qǔjué","动",""
"1-8751","取暖","qǔnuǎn","动",""
"1-8752","取胜","qǔshèng","动",""
"1-8753","取笑","qǔxiào","动",""
"1-8754","曲艺","qǔyì","名",""
"1-8755","去除","qùchú","动",""
"1-8756","去处","qùchù","名",""
"1-8757","去向","qùxiàng","名",""
"1-8758","圈套","quāntào","名",""
"1-8759","圈子","quānzi","名",""
"1-8760","拳","quán","名、动",""
"1-8761","全方位","quánfāngwèi","名",""
"1-8762","权衡","quánhéng","动",""
"1-8763","拳击","quánjī","名",""
"1-8764","全局","quánjú","名",""
"1-8765","全力以赴","quánlìyǐfù","",""
"1-8766","全能","quánnéng","形",""
"1-8767","全身心","quánshēnxīn","副",""
"1-8768","诠释","quánshì","动",""
"1-8769","拳头","quántóu","名",""
"1-8770","权威","quánwēi","名、形",""
"1-8771","权限","quánxiàn","名",""
"1-8772","全心全意","quánxīn-quányì","",""
"1-8773","权益","quányì","名",""
"1-8774","劝告","quàngào","动、名",""
"1-8775","劝说","quànshuō","动",""
"1-8776","劝阻","quànzǔ","动",""
"1-8777","缺口","quēkǒu","名",""
"1-8778","缺失","quēshī","名、动",""
"1-8779","缺席","quēxí","动",""
"1-8780","瘸","qué","动",""
"1-8781","确切","quèqiè","形",""
"1-8782","确信","quèxìn","动",""
"1-8783","确凿","quèzáo","形",""
"1-8784","确诊","quèzhěn","动",""
"1-8785","燃放","ránfàng","动",""
"1-8786","燃气","ránqì","名",""
"1-8787","燃油","rányóu","名",""
"1-8788","嚷","rǎng","动",""
"1-8789","让步","ràngbù","动",""
"1-8790","饶","ráo","动",""
"1-8791","饶恕","ráoshù","动",""
"1-8792","扰乱","rǎoluàn","动",""
"1-8793","绕行","ràoxíng","动",""
"1-8794","绕远儿","ràoyuǎnr","动、形",""
"1-8795","惹","rě","动",""
"1-8796","热潮","rècháo","名",""
"1-8797","热带","rèdài","名",""
"1-8798","热泪盈眶","rèlèi-yíngkuàng","",""
"1-8799","热腾腾","rèténgténg","形",""
"1-8800","热销","rèxiāo","动",""
"1-8801","热衷","rèzhōng","动",""
"1-8802","仁慈","réncí","形",""
"1-8803","人次","réncì","量",""
"1-8804","人道","réndào","名、形",""
"1-8805","人格","réngé","名",""
"1-8806","人间","rénjiān","名",""
"1-8807","人品","rénpǐn","名",""
"1-8808","人气","rénqì","名",""
"1-8809","人情","rénqíng","名",""
"1-8810","人权","rénquán","名",""
"1-8811","人身","rénshēn","名",""
"1-8812","人手","rénshǒu","名",""
"1-8813","人文","rénwén","名",""
"1-8814","人性","rénxìng","名",""
"1-8815","任性","rénxìng","形",""
"1-8816","人选","rénxuǎn","名",""
"1-8817","人缘儿","rényuánr","名",""
"1-8818","人造","rénzào","形",""
"1-8819","人质","rénzhì","名",""
"1-8820","忍耐","rěnnài","动",""
"1-8821","忍心","rěnxīn","动",""
"1-8822","任","rèn","动、连",""
"1-8823","任命","rènmìng","动",""
"1-8824","任期","rènqī","名",""
"1-8825","韧性","rènxìng","名",""
"1-8826","任意","rènyì","副、形",""
"1-8827","认证","rènzhèng","动",""
"1-8828","任职","rènzhí","动",""
"1-8829","任重道远","rènzhòng-dàoyuǎn","",""
"1-8830","日程","rìchéng","名",""
"1-8831","日复一日","rìfùyírì","",""
"1-8832","日趋","rìqū","副",""
"1-8833","日新月异","rìxīn-yuèyì","",""
"1-8834","融","róng","动",""
"1-8835","容光焕发","róngguāng-huànfā","",""
"1-8836","荣获","rónghuò","动",""
"1-8837","溶解","róngjiě","动",""
"1-8838","容貌","róngmào","名",""
"1-8839","容纳","róngnà","动",""
"1-8840","容器","róngqì","名",""
"1-8841","融洽","róngqià","形",""
"1-8842","容忍","róngrěn","动",""
"1-8843","荣幸","róngxìng","形",""
"1-8844","容许","róngxǔ","动",""
"1-8845","容颜","róngyán","名",""
"1-8846","荣耀","róngyào","形",""
"1-8847","融资","róngzī","动、名",""
"1-8848","冗长","rǒngcháng","形",""
"1-8849","揉","róu","动",""
"1-8850","柔和","róuhé","形",""
"1-8851","如痴如醉","rúchī-rúzuì","",""
"1-8852","如期","rúqī","副",""
"1-8853","如实","rúshí","副",""
"1-8854","如意","rúyì","动、名",""
"1-8855","如一","rúyī","动",""
"1-8856","如愿以偿","rúyuànyǐcháng","",""
"1-8857","乳制品","rǔzhìpǐn","名",""
"1-8858","入场","rùchǎng","动",""
"1-8859","入场券","rùchǎngquàn","名",""
"1-8860","入侵","rùqīn","动",""
"1-8861","入手","rùshǒu","动",""
"1-8862","软弱","ruǎnruò","形",""
"1-8863","软实力","ruǎnshílì","名",""
"1-8864","瑞雪","ruìxuě","名",""
"1-8865","润","rùn","动、形",""
"1-8866","若","ruò","连",""
"1-8867","若干","ruògān","代",""
"1-8868","若是","ruòshì","连",""
"1-8869","弱势","ruòshì","名",""
"1-8870","弱项","ruòxiàng","名",""
"1-8871","撒","sā","动",""
"1-8872","撒谎","sāhuǎng","动",""
"1-8873","赛","sài","动",""
"1-8874","赛车","sàichē","动、名",""
"1-8875","赛季","sàijì","名",""
"1-8876","赛跑","sàipǎo","动",""
"1-8877","三番五次","sānfān-wǔcì","",""
"1-8878","三角","sānjiǎo","名、形",""
"1-8879","三维","sānwéi","名、形",""
"1-8880","散布","sànbù","动",""
"1-8881","散落","sànluò","动",""
"1-8882","桑拿","sāngná","名",""
"1-8883","嗓音","sǎngyīn","名",""
"1-8884","丧生","sàngshēng","动",""
"1-8885","骚乱","sāoluàn","动",""
"1-8886","骚扰","sāorǎo","动",""
"1-8887","扫除","sǎochú","动",""
"1-8888","扫墓","sǎomù","动",""
"1-8889","扫兴","sǎoxìng","形",""
"1-8890","嫂子","sǎozi","名",""
"1-8891","扫帚","sàozhou","名",""
"1-8892","僧人","sēngrén","名",""
"1-8893","纱","shā","名",""
"1-8894","杀毒","shādú","动",""
"1-8895","杀害","shāhài","动",""
"1-8896","沙龙","shālóng","名",""
"1-8897","杀手","shāshǒu","名",""
"1-8898","沙滩","shātān","名",""
"1-8899","傻瓜","shǎguā","名",""
"1-8900","筛","shāi","动",""
"1-8901","筛查","shāichá","动",""
"1-8902","山川","shānchuān","名",""
"1-8903","煽动","shāndòng","动",""
"1-8904","山谷","shāngǔ","名",""
"1-8905","山岭","shānlǐng","名",""
"1-8906","山脉","shānmài","名",""
"1-8907","山寨","shānzhài","名、形",""
"1-8908","闪烁","shǎnshuò","动",""
"1-8909","善","shàn","形",""
"1-8910","膳食","shànshí","名",""
"1-8911","赡养","shànyǎng","动",""
"1-8912","善意","shànyì","名",""
"1-8913","擅自","shànzì","副",""
"1-8914","伤脑筋","shāng nǎojīn","",""
"1-8915","伤残","shāngcán","动",""
"1-8916","商贩","shāngfàn","名",""
"1-8917","伤感","shānggǎn","形",""
"1-8918","商贾","shānggǔ","名",""
"1-8919","伤痕","shānghén","名",""
"1-8920","商机","shāngjī","名",""
"1-8921","伤势","shāngshì","名",""
"1-8922","商讨","shāngtǎo","动",""
"1-8923","商议","shāngyì","动",""
"1-8924","商用","shāngyòng","形",""
"1-8925","赏识","shǎngshí","动",""
"1-8926","尚","shàng","副、连",""
"1-8927","上半场","shàngbànchǎng","名",""
"1-8928","上报","shàngbào","动",""
"1-8929","上层","shàngcéng","名",""
"1-8930","上场","shàngchǎng","动",""
"1-8931","上岗","shànggǎng","动",""
"1-8932","上火","shànghuǒ","动",""
"1-8933","上空","shàngkōng","名",""
"1-8934","尚且","shàngqiě","连",""
"1-8935","上任","shàngrèn","动、名",""
"1-8936","上司","shàngsi","名",""
"1-8937","上诉","shàngsù","动",""
"1-8938","上调","shàngtiáo","动",""
"1-8939","尚未","shàngwèi","副",""
"1-8940","上限","shàngxiàn","名",""
"1-8941","上行","shàngxíng","动",""
"1-8942","上演","shàngyǎn","动",""
"1-8943","上瘾","shàngyǐn","动",""
"1-8944","上映","shàngyìng","动",""
"1-8945","上游","shàngyóu","名",""
"1-8946","捎","shāo","动",""
"1-8947","稍后","shāohòu","副",""
"1-8948","烧毁","shāohuǐ","动",""
"1-8949","稍稍","shāoshāo","副",""
"1-8950","少不了","shǎobuliǎo","动",""
"1-8951","哨","shào","名",""
"1-8952","少女","shàonǚ","名",""
"1-8953","奢侈","shēchǐ","形",""
"1-8954","奢望","shēwàng","动、名",""
"1-8955","折","shé","动",""
"1-8956","设","shè","动",""
"1-8957","设定","shèdìng","动",""
"1-8958","设法","shèfǎ","动",""
"1-8959","社会主义","shèhuì zhǔyì","",""
"1-8960","社交","shèjiāo","名",""
"1-8961","涉猎","shèliè","动",""
"1-8962","社团","shètuán","名",""
"1-8963","涉嫌","shèxián","动",""
"1-8964","深奥","shēn’ào","形",""
"1-8965","申办","shēnbàn","动",""
"1-8966","申报","shēnbào","动",""
"1-8967","身不由己","shēnbùyóujǐ","",""
"1-8968","深沉","shēnchén","形",""
"1-8969","深化","shēnhuà","动",""
"1-8970","身价","shēnjià","名",""
"1-8971","申领","shēnlǐng","动",""
"1-8972","深切","shēnqiè","形",""
"1-8973","深情","shēnqíng","名、形",""
"1-8974","深情厚谊","shēnqíng-hòuyì","",""
"1-8975","身躯","shēnqū","名",""
"1-8976","深入人心","shēnrù-rénxīn","",""
"1-8977","绅士","shēnshì","名、形",""
"1-8978","伸手","shēnshǒu","动",""
"1-8979","深思","shēnsī","动",""
"1-8980","申诉","shēnsù","动",""
"1-8981","深邃","shēnsuì","形",""
"1-8982","伸缩","shēnsuō","动",""
"1-8983","呻吟","shēnyín","动",""
"1-8984","身影","shēnyǐng","名",""
"1-8985","深造","shēnzào","动",""
"1-8986","伸张","shēnzhāng","动",""
"1-8987","身子","shēnzi","名",""
"1-8988","神气","shénqì","名、形",""
"1-8989","神情","shénqíng","名",""
"1-8990","神圣","shénshèng","形",""
"1-8991","神态","shéntài","名",""
"1-8992","神仙","shénxiān","名",""
"1-8993","审","shěn","动",""
"1-8994","审查","shěnchá","动",""
"1-8995","审定","shěndìng","动",""
"1-8996","审核","shěnhé","动",""
"1-8997","审计","shěnjì","动",""
"1-8998","审理","shěnlǐ","动",""
"1-8999","审判","shěnpàn","动",""
"1-9000","审批","shěnpī","动",""
"1-9001","审视","shěnshì","动",""
"1-9002","肾","shèn","名",""
"1-9003","渗","shèn","动",""
"1-9004","渗透","shèntòu","动",""
"1-9005","慎重","shènzhòng","形",""
"1-9006","生产线","shēngchǎnxiàn","名",""
"1-9007","声称","shēngchēng","动",""
"1-9008","牲畜","shēngchù","名",""
"1-9009","升华","shēnghuá","动",""
"1-9010","生机","shēngjī","名",""
"1-9011","生理","shēnglǐ","名",""
"1-9012","声明","shēngmíng","动、名",""
"1-9013","生命线","shēngmìngxiàn","名",""
"1-9014","生怕","shēngpà","动",""
"1-9015","生平","shēngpíng","名",""
"1-9016","生前","shēngqián","名",""
"1-9017","声势","shēngshì","名",""
"1-9018","生疏","shēngshū","形",""
"1-9019","生死","shēngsǐ","名、形",""
"1-9020","声望","shēngwàng","名",""
"1-9021","生效","shēngxiào","动",""
"1-9022","生涯","shēngyá","名",""
"1-9023","生硬","shēngyìng","形",""
"1-9024","生育","shēngyù","动",""
"1-9025","声誉","shēngyù","名",""
"1-9026","升值","shēngzhí","动",""
"1-9027","绳子","shéngzi","名",""
"1-9028","省略","shěnglüè","动",""
"1-9029","省事","shěngshì","动",""
"1-9030","盛产","shèngchǎn","动",""
"1-9031","胜出","shèngchū","动",""
"1-9032","盛大","shèngdà","形",""
"1-9033","胜负","shèngfù","名",""
"1-9034","盛会","shènghuì","名",""
"1-9035","盛开","shèngkāi","动",""
"1-9036","盛气凌人","shèngqì-língrén","",""
"1-9037","盛情","shèngqíng","名",""
"1-9038","胜任","shèngrèn","动",""
"1-9039","盛夏","shèngxià","名",""
"1-9040","圣贤","shèngxián","名",""
"1-9041","盛行","shèngxíng","动",""
"1-9042","盛宴","shèngyàn","名",""
"1-9043","失传","shīchuán","动",""
"1-9044","湿地","shīdì","名",""
"1-9045","师范","shīfàn","名",""
"1-9046","施工","shīgōng","动",""
"1-9047","施加","shījiā","动",""
"1-9048","失控","shīkòng","动",""
"1-9049","失利","shīlì","动",""
"1-9050","失礼","shīlǐ","动",""
"1-9051","失灵","shīlíng","动",""
"1-9052","失落","shīluò","动、形",""
"1-9053","失明","shīmíng","动",""
"1-9054","湿润","shīrùn","形",""
"1-9055","失事","shīshì","动",""
"1-9056","失态","shītài","动",""
"1-9057","尸体","shītǐ","名",""
"1-9058","失效","shīxiào","动",""
"1-9059","施行","shīxíng","动",""
"1-9060","施压","shīyā","动",""
"1-9061","施展","shīzhǎn","动",""
"1-9062","师长","shīzhǎng","名",""
"1-9063","师资","shīzī","名",""
"1-9064","失踪","shīzōng","动",""
"1-9065","时隔","shí gé","",""
"1-9066","时而","shí’ér","副",""
"1-9067","实地","shídì","名、副",""
"1-9068","时段","shíduàn","名",""
"1-9069","时好时坏","shíhǎo-shíhuài","",""
"1-9070","实话实说","shíhuà-shíshuō","",""
"1-9071","时节","shíjié","名",""
"1-9072","时空","shíkōng","名",""
"1-9073","实况","shíkuàng","名",""
"1-9074","时髦","shímáo","形",""
"1-9075","时时","shíshí","副",""
"1-9076","时事","shíshì","名",""
"1-9077","实事求是","shíshì-qiúshì","",""
"1-9078","食宿","shísù","名",""
"1-9079","实体","shítǐ","名",""
"1-9080","实物","shíwù","名",""
"1-9081","时装","shízhuāng","名",""
"1-9082","屎","shǐ","名",""
"1-9083","使唤","shǐhuan","动",""
"1-9084","使命","shǐmìng","名",""
"1-9085","史无前例","shǐwúqiánlì","",""
"1-9086","使者","shǐzhě","名",""
"1-9087","势必","shìbì","副",""
"1-9088","势不可当","shìbùkědāng","",""
"1-9089","视察","shìchá","动",""
"1-9090","市场经济","shìchǎng jīngjì","",""
"1-9091","世代","shìdài","名",""
"1-9092","试点","shìdiǎn","动、名",""
"1-9093","是非","shìfēi","名",""
"1-9094","世故","shìgù","名",""
"1-9095","嗜好","shìhào","名",""
"1-9096","侍候","shìhòu","动",""
"1-9097","事迹","shìjì","名",""
"1-9098","世间","shìjiān","名",""
"1-9099","视角","shìjiǎo","名",""
"1-9100","适量","shìliàng","形",""
"1-9101","士气","shìqì","名",""
"1-9102","世人","shìrén","名",""
"1-9103","适时","shìshí","形",""
"1-9104","逝世","shìshì","动",""
"1-9105","事态","shìtài","名",""
"1-9106","试探","shìtan","动",""
"1-9107","势头","shìtou","名",""
"1-9108","示威","shìwēi","动",""
"1-9109","事务所","shìwùsuǒ","名",""
"1-9110","视线","shìxiàn","名",""
"1-9111","试行","shìxíng","动",""
"1-9112","视野","shìyě","名",""
"1-9113","事宜","shìyí","名",""
"1-9114","示意","shìyì","动",""
"1-9115","市值","shìzhí","名",""
"1-9116","柿子","shìzi","名",""
"1-9117","收复","shōufù","动",""
"1-9118","收割","shōugē","动",""
"1-9119","收据","shōujù","名",""
"1-9120","收敛","shōuliǎn","动",""
"1-9121","收留","shōuliú","动",""
"1-9122","收买","shōumǎi","动",""
"1-9123","收视率","shōushìlǜ","名",""
"1-9124","收缩","shōusuō","动",""
"1-9125","收养","shōuyǎng","动",""
"1-9126","收音机","shōuyīnjī","名",""
"1-9127","收支","shōuzhī","名",""
"1-9128","手册","shǒucè","名",""
"1-9129","首创","shǒuchuàng","动",""
"1-9130","手动","shǒudòng","形",""
"1-9131","首付","shǒufù","名",""
"1-9132","首府","shǒufǔ","名",""
"1-9133","守候","shǒuhòu","动",""
"1-9134","守护","shǒuhù","动",""
"1-9135","手脚","shǒujiǎo","名",""
"1-9136","首脑","shǒunǎo","名",""
"1-9137","手帕","shǒupà","名",""
"1-9138","首批","shǒupī","数量",""
"1-9139","手枪","shǒuqiāng","名",""
"1-9140","首饰","shǒushì","名",""
"1-9141","手头","shǒutóu","名",""
"1-9142","手腕","shǒuwàn","名",""
"1-9143","首席","shǒuxí","名、形",""
"1-9144","守信","shǒuxìn","动",""
"1-9145","手艺","shǒuyì","名",""
"1-9146","手掌","shǒuzhǎng","名",""
"1-9147","守株待兔","shǒuzhū-dàitù","",""
"1-9148","受宠若惊","shòuchǒng-ruòjīng","",""
"1-9149","受挫","shòucuò","动",""
"1-9150","受害","shòuhài","动",""
"1-9151","受害人","shòuhàirén","名",""
"1-9152","受贿","shòuhuì","动",""
"1-9153","受惊","shòujīng","动",""
"1-9154","受苦","shòukǔ","动",""
"1-9155","受理","shòulǐ","动",""
"1-9156","受骗","shòupiàn","动",""
"1-9157","授权","shòuquán","动",""
"1-9158","受益","shòuyì","动",""
"1-9159","受益匪浅","shòuyì-fěiqiǎn","",""
"1-9160","授予","shòuyǔ","动",""
"1-9161","受罪","shòuzuì","动",""
"1-9162","梳","shū","动",""
"1-9163","舒畅","shūchàng","形",""
"1-9164","疏导","shūdǎo","动",""
"1-9165","疏忽","shūhu","动",""
"1-9166","书记","shūjì","名",""
"1-9167","梳理","shūlǐ","动",""
"1-9168","枢纽","shūniǔ","名",""
"1-9169","抒情","shūqíng","动",""
"1-9170","疏散","shūsàn","形、动",""
"1-9171","疏通","shūtōng","动",""
"1-9172","输血","shūxuè","动",""
"1-9173","输液","shūyè","动",""
"1-9174","疏远","shūyuǎn","形、动",""
"1-9175","舒展","shūzhǎn","动、形",""
"1-9176","梳子","shūzi","名",""
"1-9177","赎","shú","动",""
"1-9178","曙光","shǔguāng","名",""
"1-9179","属相","shǔxiàng","名",""
"1-9180","属性","shǔxìng","名",""
"1-9181","数一数二","shǔyī-shǔ’èr","",""
"1-9182","数额","shù’é","名",""
"1-9183","束缚","shùfù","动",""
"1-9184","树干","shùgàn","名",""
"1-9185","数据库","shùjùkù","名",""
"1-9186","竖立","shùlì","动",""
"1-9187","数码","shùmǎ","形",""
"1-9188","树梢","shùshāo","名",""
"1-9189","束手无策","shùshǒu-wúcè","",""
"1-9190","树荫","shùyīn","名",""
"1-9191","刷新","shuāxīn","动",""
"1-9192","耍","shuǎ","动",""
"1-9193","耍赖","shuǎlài","动",""
"1-9194","衰减","shuāijiǎn","动",""
"1-9195","摔跤","shuāijiāo","动",""
"1-9196","衰竭","shuāijié","动",""
"1-9197","衰落","shuāiluò","动",""
"1-9198","衰弱","shuāiruò","形",""
"1-9199","衰退","shuāituì","动",""
"1-9200","甩","shuǎi","动",""
"1-9201","率","shuài","动",""
"1-9202","拴","shuān","动",""
"1-9203","涮","shuàn","动",""
"1-9204","霜","shuāng","名",""
"1-9205","双胞胎","shuāngbāotāi","名",""
"1-9206","双边","shuāngbiān","形",""
"1-9207","双重","shuāngchóng","形",""
"1-9208","双向","shuāngxiàng","形",""
"1-9209","双赢","shuāngyíng","动",""
"1-9210","爽","shuǎng","形",""
"1-9211","爽快","shuǎngkuai","形",""
"1-9212","水产","shuǐchǎn","名",""
"1-9213","水滴石穿","shuǐdī-shíchuān","",""
"1-9214","水晶","shuǐjīng","名",""
"1-9215","水利","shuǐlì","名",""
"1-9216","水龙头","shuǐlóngtóu","名",""
"1-9217","水落石出","shuǐluò-shíchū","",""
"1-9218","水汽","shuǐqì","名",""
"1-9219","水土","shuǐtǔ","名",""
"1-9220","水域","shuǐyù","名",""
"1-9221","水源","shuǐyuán","名",""
"1-9222","水涨船高","shuǐzhǎng-chuángāo","",""
"1-9223","水准","shuǐzhǔn","名",""
"1-9224","睡袋","shuìdài","名",""
"1-9225","税收","shuìshōu","名",""
"1-9226","税务","shuìwù","名",""
"1-9227","顺差","shùnchā","名",""
"1-9228","顺畅","shùnchàng","形",""
"1-9229","顺从","shùncóng","动",""
"1-9230","顺理成章","shùnlǐ-chéngzhāng","",""
"1-9231","顺路","shùnlù","副、形",""
"1-9232","顺其自然","shùnqízìrán","",""
"1-9233","顺势","shùnshì","副",""
"1-9234","顺手","shùnshǒu","形、副",""
"1-9235","顺心","shùnxīn","形",""
"1-9236","顺延","shùnyán","动",""
"1-9237","顺应","shùnyìng","动",""
"1-9238","说不上","shuōbushàng","动",""
"1-9239","说谎","shuōhuǎng","动",""
"1-9240","说情","shuōqíng","动",""
"1-9241","硕果","shuòguǒ","名",""
"1-9242","丝","sī","名",""
"1-9243","撕","sī","动",""
"1-9244","丝绸","sīchóu","名",""
"1-9245","司法","sīfǎ","动",""
"1-9246","丝毫","sīháo","形",""
"1-9247","私家车","sījiāchē","名",""
"1-9248","司空见惯","sīkōng-jiànguàn","",""
"1-9249","私立","sīlì","动、形",""
"1-9250","司令","sīlìng","名",""
"1-9251","思前想后","sīqián-xiǎnghòu","",""
"1-9252","私事","sīshì","名",""
"1-9253","思索","sīsuǒ","动",""
"1-9254","私下","sīxià","名",""
"1-9255","思绪","sīxù","名",""
"1-9256","私营","sīyíng","形",""
"1-9257","私有","sīyǒu","动",""
"1-9258","私自","sīzì","副",""
"1-9259","死心","sǐxīn","动",""
"1-9260","寺","sì","名",""
"1-9261","似曾相识","sìcéng-xiāngshí","",""
"1-9262","四方","sìfāng","名",""
"1-9263","伺机","sìjī","动",""
"1-9264","饲料","sìliào","名",""
"1-9265","四面八方","sìmiàn-bāfāng","",""
"1-9266","寺庙","sìmiào","名",""
"1-9267","似是而非","sìshì-érfēi","",""
"1-9268","四通八达","sìtōng-bādá","",""
"1-9269","肆无忌惮","sìwú-jìdàn","",""
"1-9270","饲养","sìyǎng","动",""
"1-9271","四肢","sìzhī","名",""
"1-9272","松弛","sōngchí","形",""
"1-9273","松树","sōngshù","名",""
"1-9274","松懈","sōngxiè","形、动",""
"1-9275","耸","sǒng","动",""
"1-9276","耸立","sǒnglì","动",""
"1-9277","怂恿","sǒngyǒng","动",""
"1-9278","送别","sòngbié","动",""
"1-9279","送行","sòngxíng","动",""
"1-9280","搜查","sōuchá","动",""
"1-9281","搜救","sōujiù","动",""
"1-9282","搜寻","sōuxún","动",""
"1-9283","酥","sū","形",""
"1-9284","苏醒","sūxǐng","动",""
"1-9285","俗","sú","形",""
"1-9286","俗称","súchēng","动、名",""
"1-9287","俗话","súhuà","名",""
"1-9288","俗语","súyǔ","名",""
"1-9289","素","sù","形、名",""
"1-9290","素不相识","sùbùxiāngshí","",""
"1-9291","素材","sùcái","名",""
"1-9292","诉苦","sùkǔ","动",""
"1-9293","诉求","sùqiú","动、名",""
"1-9294","素食","sùshí","名、动",""
"1-9295","诉说","sùshuō","动",""
"1-9296","诉讼","sùsòng","动",""
"1-9297","素养","sùyǎng","名",""
"1-9298","诉诸","sùzhū","动",""
"1-9299","蒜","suàn","名",""
"1-9300","算计","suànjì","动",""
"1-9301","算盘","suànpán","名",""
"1-9302","算数","suànshù","动",""
"1-9303","算账","suànzhàng","动",""
"1-9304","虽说","suīshuō","连",""
"1-9305","随处可见","suíchù kě jiàn","",""
"1-9306","随即","suíjí","副",""
"1-9307","随机","suíjī","副、形",""
"1-9308","随身","suíshēn","形",""
"1-9309","随时随地","suíshí-suídì","",""
"1-9310","随心所欲","suíxīnsuǒyù","",""
"1-9311","隧道","suìdào","名",""
"1-9312","损人利己","sǔnrén-lìjǐ","",""
"1-9313","缩","suō","动",""
"1-9314","缩减","suōjiǎn","动",""
"1-9315","缩水","suōshuǐ","动",""
"1-9316","缩影","suōyǐng","名",""
"1-9317","锁定","suǒdìng","动",""
"1-9318","索赔","suǒpéi","动",""
"1-9319","索取","suǒqǔ","动",""
"1-9320","所属","suǒshǔ","形、名",""
"1-9321","琐碎","suǒsuì","形",""
"1-9322","所谓","suǒwèi","形",""
"1-9323","索性","suǒxìng","副",""
"1-9324","所在","suǒzài","名",""
"1-9325","所作所为","suǒzuò-suǒwéi","",""
"1-9326","塌","tā","动",""
"1-9327","踏","tà","动",""
"1-9328","胎","tāi","量、名",""
"1-9329","胎儿","tāi’ér","名",""
"1-9330","泰斗","tàidǒu","名",""
"1-9331","太极","tàijí","名",""
"1-9332","太平","tàipíng","形",""
"1-9333","态势","tàishì","名",""
"1-9334","贪","tān","动、形",""
"1-9335","摊","tān","动、名、量",""
"1-9336","瘫","tān","动",""
"1-9337","贪吃","tānchī","形",""
"1-9338","瘫痪","tānhuàn","动",""
"1-9339","贪婪","tānlán","形",""
"1-9340","贪污","tānwū","动",""
"1-9341","坛","tán","名",""
"1-9342","痰","tán","名",""
"1-9343","谈及","tánjí","动",""
"1-9344","坦白","tǎnbái","形、动",""
"1-9345","坦诚","tǎnchéng","形",""
"1-9346","坦克","tǎnkè","名",""
"1-9347","坦然","tǎnrán","形",""
"1-9348","坦率","tǎnshuài","形",""
"1-9349","坦言","tǎnyán","动、名",""
"1-9350","毯子","tǎnzi","名",""
"1-9351","炭","tàn","名",""
"1-9352","探","tàn","动",""
"1-9353","探测","tàncè","动",""
"1-9354","探究","tànjiū","动",""
"1-9355","叹气","tànqì","动",""
"1-9356","探亲","tànqīn","动",""
"1-9357","探求","tànqiú","动",""
"1-9358","探望","tànwàng","动",""
"1-9359","探险","tànxiǎn","动",""
"1-9360","堂","táng","名、量",""
"1-9361","糖尿病","tángniàobìng","名",""
"1-9362","淌","tǎng","动",""
"1-9363","倘若","tǎngruò","连",""
"1-9364","掏腰包","tāo yāobāo","",""
"1-9365","滔滔不绝","tāotāo-bùjué","",""
"1-9366","淘","táo","动",""
"1-9367","逃避","táobì","动",""
"1-9368","陶瓷","táocí","名",""
"1-9369","逃生","táoshēng","动",""
"1-9370","逃亡","táowáng","动",""
"1-9371","陶冶","táoyě","动",""
"1-9372","陶醉","táozuì","动",""
"1-9373","讨","tǎo","动",""
"1-9374","讨好","tǎohǎo","动",""
"1-9375","讨价还价","tǎojià-huánjià","",""
"1-9376","特此","tècǐ","副",""
"1-9377","特例","tèlì","名",""
"1-9378","特权","tèquán","名",""
"1-9379","特邀","tèyāo","动",""
"1-9380","特制","tèzhì","动",""
"1-9381","特质","tèzhì","名",""
"1-9382","腾","téng","动",""
"1-9383","疼爱","téngài","动",""
"1-9384","藤蔓","téngwàn","名",""
"1-9385","剔除","tīchú","动",""
"1-9386","梯子","tīzi","名",""
"1-9387","提拔","tíbá","动",""
"1-9388","提纲","tígāng","名",""
"1-9389","提及","tíjí","动",""
"1-9390","提炼","tíliàn","动",""
"1-9391","提名","tímíng","动",""
"1-9392","提速","tísù","动",""
"1-9393","提心吊胆","tíxīn-diàodǎn","",""
"1-9394","提议","tíyì","动、名",""
"1-9395","体裁","tǐcái","名",""
"1-9396","体谅","tǐliàng","动",""
"1-9397","体面","tǐmiàn","名、形",""
"1-9398","体能","tǐnéng","名",""
"1-9399","体魄","tǐpò","名",""
"1-9400","体态","tǐtài","名",""
"1-9401","体贴","tǐtiē","动",""
"1-9402","体制","tǐzhì","名",""
"1-9403","体质","tǐzhì","名",""
"1-9404","剃","tì","动",""
"1-9405","替补","tìbǔ","动、名",""
"1-9406","替换","tìhuàn","动",""
"1-9407","天长地久","tiāncháng-dìjiǔ","",""
"1-9408","天敌","tiāndí","名",""
"1-9409","天地","tiāndì","名",""
"1-9410","天鹅","tiān’é","名",""
"1-9411","天分","tiānfèn","名",""
"1-9412","天赋","tiānfù","动、名",""
"1-9413","天花板","tiānhuābǎn","名",""
"1-9414","添加剂","tiānjiājì","名",""
"1-9415","天经地义","tiānjīng-dìyì","",""
"1-9416","天伦之乐","tiānlúnzhīlè","",""
"1-9417","天平","tiānpíng","名",""
"1-9418","天桥","tiānqiáo","名",""
"1-9419","天生","tiānshēng","形",""
"1-9420","天使","tiānshǐ","名",""
"1-9421","天堂","tiāntáng","名",""
"1-9422","天线","tiānxiàn","名",""
"1-9423","天性","tiānxìng","名",""
"1-9424","填补","tiánbǔ","动",""
"1-9425","填充","tiánchōng","动",""
"1-9426","田间","tiánjiān","名",""
"1-9427","甜美","tiánměi","形",""
"1-9428","甜蜜","tiánmì","形",""
"1-9429","田野","tiányě","名",""
"1-9430","田园","tiányuán","名",""
"1-9431","舔","tiǎn","动",""
"1-9432","挑剔","tiāoti","动",""
"1-9433","调和","tiáohé","形、动",""
"1-9434","调剂","tiáojì","动",""
"1-9435","调解","tiáojiě","动",""
"1-9436","调侃","tiáokǎn","动",""
"1-9437","调控","tiáokòng","动",""
"1-9438","条款","tiáokuǎn","名",""
"1-9439","条例","tiáolì","名",""
"1-9440","条理","tiáolǐ","名",""
"1-9441","调料","tiáoliào","名",""
"1-9442","调试","tiáoshì","动",""
"1-9443","条约","tiáoyuē","名",""
"1-9444","挑","tiǎo","动",""
"1-9445","挑拨","tiǎobō","动",""
"1-9446","挑衅","tiǎoxìn","动",""
"1-9447","跳槽","tiàocáo","动",""
"1-9448","跳动","tiàodòng","动",""
"1-9449","跳伞","tiàosǎn","动",""
"1-9450","眺望","tiàowàng","动",""
"1-9451","跳跃","tiàoyuè","动",""
"1-9452","贴切","tiēqiè","形",""
"1-9453","铁","tiě","名、形",""
"1-9454","帖子","tiězi","名",""
"1-9455","听从","tīngcóng","动",""
"1-9456","停泊","tíngbó","动",""
"1-9457","停顿","tíngdùn","动",""
"1-9458","停放","tíngfàng","动",""
"1-9459","停业","tíngyè","动",""
"1-9460","停滞","tíngzhì","动",""
"1-9461","亭子","tíngzi","名",""
"1-9462","挺拔","tǐngbá","形",""
"1-9463","通报","tōngbào","动、名",""
"1-9464","通畅","tōngchàng","形",""
"1-9465","通车","tōngchē","动",""
"1-9466","通告","tōnggào","动、名",""
"1-9467","通红","tōnghóng","形",""
"1-9468","通货膨胀","tōnghuò péngzhàng","",""
"1-9469","通缉","tōngjī","动",""
"1-9470","通顺","tōngshùn","形",""
"1-9471","通俗","tōngsú","形",""
"1-9472","通通","tōngtōng","副",""
"1-9473","通宵","tōngxiāo","名",""
"1-9474","同胞","tóngbāo","名",""
"1-9475","同比","tóngbǐ","动",""
"1-9476","同步","tóngbù","动",""
"1-9477","同等","tóngděng","形",""
"1-9478","同感","tónggǎn","名",""
"1-9479","同伙","tónghuǒ","动、名",""
"1-9480","同盟","tóngméng","动、名",""
"1-9481","同期","tóngqī","名",""
"1-9482","同仁","tóngrén","名",""
"1-9483","同志","tóngzhì","名",""
"1-9484","同舟共济","tóngzhōu-gòngjì","",""
"1-9485","捅","tǒng","动",""
"1-9486","筒","tǒng","名",""
"1-9487","统筹","tǒngchóu","动",""
"1-9488","统统","tǒngtǒng","副",""
"1-9489","统治","tǒngzhì","动",""
"1-9490","痛心","tòngxīn","形",""
"1-9491","偷窥","tōukuī","动",""
"1-9492","偷懒","tōulǎn","动",""
"1-9493","投奔","tóubèn","动",""
"1-9494","投放","tóufàng","动",""
"1-9495","投稿","tóugǎo","动",""
"1-9496","头号","tóuhào","形",""
"1-9497","投机","tóujī","形、动",""
"1-9498","投射","tóushè","动",""
"1-9499","投身","tóushēn","动",""
"1-9500","头条","tóutiáo","名",""
"1-9501","头头是道","tóutóu-shìdào","",""
"1-9502","头衔","tóuxián","名",""
"1-9503","投降","tóuxiáng","动",""
"1-9504","投掷","tóuzhì","动",""
"1-9505","透彻","tòuchè","形",""
"1-9506","透气","tòuqì","动",""
"1-9507","透支","tòuzhī","动",""
"1-9508","凸","tū","形",""
"1-9509","秃","tū","形",""
"1-9510","突击","tūjī","动",""
"1-9511","突破口","tūpòkǒu","名",""
"1-9512","突如其来","tūrú-qílái","",""
"1-9513","突兀","tūwù","形",""
"1-9514","凸显","tūxiǎn","动",""
"1-9515","涂","tú","动",""
"1-9516","徒步","túbù","副",""
"1-9517","徒劳","túláo","动",""
"1-9518","屠杀","túshā","动",""
"1-9519","图形","túxíng","名",""
"1-9520","图纸","túzhǐ","名",""
"1-9521","吐槽","tǔcáo","动",""
"1-9522","土生土长","tǔshēng-tǔzhǎng","",""
"1-9523","团伙","tuánhuǒ","名",""
"1-9524","团聚","tuánjù","动",""
"1-9525","团员","tuányuán","名",""
"1-9526","推崇","tuīchóng","动",""
"1-9527","推辞","tuīcí","动",""
"1-9528","推断","tuīduàn","动",""
"1-9529","推翻","tuīfān","动",""
"1-9530","推理","tuīlǐ","动",""
"1-9531","推论","tuīlùn","动、名",""
"1-9532","推敲","tuīqiāo","动",""
"1-9533","推算","tuīsuàn","动",""
"1-9534","推卸","tuīxiè","动",""
"1-9535","推选","tuīxuǎn","动",""
"1-9536","推移","tuīyí","动",""
"1-9537","颓废","tuífèi","形",""
"1-9538","退步","tuìbù","动",""
"1-9539","退化","tuìhuà","动",""
"1-9540","退回","tuìhuí","动",""
"1-9541","退却","tuìquè","动",""
"1-9542","退让","tuìràng","动",""
"1-9543","退缩","tuìsuō","动",""
"1-9544","退役","tuìyì","动",""
"1-9545","吞吞吐吐","tūntūntǔtǔ","形",""
"1-9546","臀","tún","名",""
"1-9547","托","tuō","动、名",""
"1-9548","托付","tuōfù","动",""
"1-9549","脱节","tuōjié","动",""
"1-9550","脱口而出","tuōkǒu’érchū","",""
"1-9551","拖累","tuōlěi","动",""
"1-9552","脱离","tuōlí","动",""
"1-9553","脱落","tuōluò","动",""
"1-9554","拖欠","tuōqiàn","动",""
"1-9555","脱身","tuōshēn","动",""
"1-9556","脱颖而出","tuōyǐng’érchū","",""
"1-9557","驮","tuó","动",""
"1-9558","妥","tuǒ","形",""
"1-9559","妥当","tuǒdàng","形",""
"1-9560","妥善","tuǒshàn","形",""
"1-9561","妥协","tuǒxié","动",""
"1-9562","椭圆","tuǒyuán","名",""
"1-9563","拓宽","tuòkuān","动",""
"1-9564","唾弃","tuòqì","动",""
"1-9565","唾液","tuòyè","名",""
"1-9566","拓展","tuòzhǎn","动",""
"1-9567","挖掘","wājué","动",""
"1-9568","挖苦","wāku","动",""
"1-9569","瓦","wǎ","名",""
"1-9570","瓦解","wǎjiě","动",""
"1-9571","歪曲","wāiqū","动",""
"1-9572","外币","wàibì","名",""
"1-9573","外行","wàiháng","形、名",""
"1-9574","外号","wàihào","名",""
"1-9575","外汇","wàihuì","名",""
"1-9576","外籍","wàijí","名",""
"1-9577","外贸","wàimào","名",""
"1-9578","外貌","wàimào","名",""
"1-9579","外向","wàixiàng","形",""
"1-9580","外星人","wàixīngrén","名",""
"1-9581","外援","wàiyuán","名",""
"1-9582","外在","wàizài","形",""
"1-9583","外资","wàizī","名",""
"1-9584","丸","wán","名、量",""
"1-9585","完备","wánbèi","形",""
"1-9586","完毕","wánbì","动",""
"1-9587","顽固","wángù","形",""
"1-9588","完好","wánhǎo","形",""
"1-9589","玩弄","wánnòng","动",""
"1-9590","顽皮","wánpí","形",""
"1-9591","玩耍","wánshuǎ","动",""
"1-9592","玩意儿","wányìr","名",""
"1-9593","丸子","wánzi","名",""
"1-9594","挽","wǎn","动",""
"1-9595","挽回","wǎnhuí","动",""
"1-9596","挽救","wǎnjiù","动",""
"1-9597","晚年","wǎnnián","名",""
"1-9598","晚期","wǎnqī","名",""
"1-9599","惋惜","wǎnxī","形",""
"1-9600","晚霞","wǎnxiá","名",""
"1-9601","万分","wànfēn","副",""
"1-9602","万能","wànnéng","形",""
"1-9603","万万","wànwàn","副",""
"1-9604","万无一失","wànwú-yìshī","",""
"1-9605","汪洋","wāngyáng","形",""
"1-9606","王朝","wángcháo","名",""
"1-9607","王国","wángguó","名",""
"1-9608","王牌","wángpái","名",""
"1-9609","亡羊补牢","wángyáng-bǔláo","",""
"1-9610","往常","wǎngcháng","名",""
"1-9611","网点","wǎngdiǎn","名",""
"1-9612","网民","wǎngmín","名",""
"1-9613","往日","wǎngrì","名",""
"1-9614","往事","wǎngshì","名",""
"1-9615","旺","wàng","形",""
"1-9616","旺季","wàngjì","名",""
"1-9617","旺盛","wàngshèng","形",""
"1-9618","妄想","wàngxiǎng","动、名",""
"1-9619","望远镜","wàngyuǎnjìng","名",""
"1-9620","微","wēi","副",""
"1-9621","微波炉","wēibōlú","名",""
"1-9622","微不足道","wēibùzúdào","",""
"1-9623","威风","wēifēng","名、形",""
"1-9624","微观","wēiguān","形",""
"1-9625","危及","wēijí","动",""
"1-9626","危急","wēijí","形",""
"1-9627","威力","wēilì","名",""
"1-9628","微妙","wēimiào","形",""
"1-9629","微弱","wēiruò","形",""
"1-9630","威慑","wēishè","动",""
"1-9631","微生物","wēishēngwù","名",""
"1-9632","威望","wēiwàng","名",""
"1-9633","微微","wēiwēi","形、副",""
"1-9634","威信","wēixìn","名",""
"1-9635","微型","wēixíng","形",""
"1-9636","唯","wéi","副",""
"1-9637","违背","wéibèi","动",""
"1-9638","唯独","wéidú","副",""
"1-9639","围观","wéiguān","动",""
"1-9640","围墙","wéiqiáng","名",""
"1-9641","维权","wéiquán","动",""
"1-9642","为人","wéirén","动、名",""
"1-9643","唯有","wéiyǒu","连、副",""
"1-9644","违约","wéiyuē","动",""
"1-9645","违章","wéizhāng","动",""
"1-9646","纬度","wěidù","名",""
"1-9647","尾气","wěiqì","名",""
"1-9648","尾声","wěishēng","名",""
"1-9649","萎缩","wěisuō","动",""
"1-9650","委婉","wěiwǎn","形",""
"1-9651","委员","wěiyuán","名",""
"1-9652","委员会","wěiyuánhuì","名",""
"1-9653","伪造","wěizào","动",""
"1-9654","伪装","wěizhuāng","动、名",""
"1-9655","味精","wèijīng","名",""
"1-9656","畏惧","wèijù","动",""
"1-9657","蔚蓝","wèilán","形",""
"1-9658","慰劳","wèiláo","动",""
"1-9659","未免","wèimiǎn","副",""
"1-9660","卫视","wèishì","名",""
"1-9661","畏缩","wèisuō","动",""
"1-9662","慰问","wèiwèn","动",""
"1-9663","卫星","wèixīng","名、形",""
"1-9664","喂养","wèiyǎng","动",""
"1-9665","未知数","wèizhīshù","名",""
"1-9666","位子","wèizi","名",""
"1-9667","温差","wēnchà","名",""
"1-9668","温带","wēndài","名",""
"1-9669","温度计","wēndùjì","名",""
"1-9670","温泉","wēnquán","名",""
"1-9671","温室","wēnshì","名",""
"1-9672","温习","wēnxí","动",""
"1-9673","温馨","wēnxīn","形",""
"1-9674","瘟疫","wēnyì","名",""
"1-9675","文","wén","名",""
"1-9676","文盲","wénmáng","名",""
"1-9677","文凭","wénpíng","名",""
"1-9678","文人","wénrén","名",""
"1-9679","文雅","wényǎ","形",""
"1-9680","蚊帐","wénzhàng","名",""
"1-9681","蚊子","wénzi","名",""
"1-9682","吻","wěn","动、名",""
"1-9683","稳","wěn","形、动",""
"1-9684","稳固","wěngù","形、动",""
"1-9685","吻合","wěnhé","形",""
"1-9686","稳健","wěnjiàn","形",""
"1-9687","紊乱","wěnluàn","形",""
"1-9688","稳妥","wěntuǒ","形",""
"1-9689","稳重","wěnzhòng","形",""
"1-9690","问候","wènhòu","动",""
"1-9691","问世","wènshì","动",""
"1-9692","窝","wō","名、动、量",""
"1-9693","卧","wò","动",""
"1-9694","卧铺","wòpù","名",""
"1-9695","污秽","wūhuì","形、名",""
"1-9696","污蔑","wūmiè","动",""
"1-9697","诬陷","wūxiàn","动",""
"1-9698","屋檐","wūyán","名",""
"1-9699","呜咽","wūyè","动",""
"1-9700","乌云","wūyún","名",""
"1-9701","无比","wúbǐ","动",""
"1-9702","无边无际","wúbiān-wújì","",""
"1-9703","无不","wúbù","副",""
"1-9704","无偿","wúcháng","形",""
"1-9705","无耻","wúchǐ","形",""
"1-9706","无从","wúcóng","副",""
"1-9707","无敌","wúdí","动",""
"1-9708","无动于衷","wúdòngyúzhōng","",""
"1-9709","无非","wúfēi","副",""
"1-9710","无故","wúgù","副",""
"1-9711","无辜","wúgū","形、名",""
"1-9712","无关紧要","wúguān-jǐnyào","",""
"1-9713","无话可说","wúhuà-kěshuō","",""
"1-9714","无家可归","wújiā-kěguī","",""
"1-9715","无价之宝","wújiàzhībǎo","",""
"1-9716","无精打采","wújīng-dǎcǎi","",""
"1-9717","无济于事","wújìyúshì","",""
"1-9718","无可厚非","wúkěhòufēi","",""
"1-9719","无可奈何","wúkěnàihé","",""
"1-9720","无赖","wúlài","形、名",""
"1-9721","无力","wúlì","动",""
"1-9722","无理","wúlǐ","动",""
"1-9723","无论如何","wúlùn-rúhé","",""
"1-9724","无能","wúnéng","形",""
"1-9725","无能为力","wúnéngwéilì","",""
"1-9726","无情","wúqíng","形",""
"1-9727","无穷","wúqióng","动",""
"1-9728","无私","wúsī","形",""
"1-9729","无所事事","wúsuǒshìshì","",""
"1-9730","无所作为","wúsuǒzuòwéi","",""
"1-9731","无条件","wútiáojiàn","动",""
"1-9732","无微不至","wúwēi-búzhì","",""
"1-9733","无线","wúxiàn","形",""
"1-9734","无形","wúxíng","形、副",""
"1-9735","无须","wúxū","副",""
"1-9736","无意","wúyì","动、副",""
"1-9737","无忧无虑","wúyōu-wúlǜ","",""
"1-9738","无缘","wúyuán","动、副",""
"1-9739","无知","wúzhī","形",""
"1-9740","捂","wǔ","动",""
"1-9741","舞","wǔ","名、动",""
"1-9742","五官","wǔguān","名",""
"1-9743","五花八门","wǔhuā-bāmén","",""
"1-9744","五湖四海","wǔhú-sìhǎi","",""
"1-9745","武力","wǔlì","名",""
"1-9746","侮辱","wǔrǔ","动",""
"1-9747","武侠","wǔxiá","名",""
"1-9748","武装","wǔzhuāng","名、动",""
"1-9749","勿","wù","副",""
"1-9750","务必","wùbì","副",""
"1-9751","误差","wùchā","名",""
"1-9752","误导","wùdǎo","动",""
"1-9753","务工","wùgōng","动",""
"1-9754","物力","wùlì","名",""
"1-9755","物流","wùliú","名",""
"1-9756","物美价廉","wùměi-jiàlián","",""
"1-9757","误区","wùqū","名",""
"1-9758","物色","wùsè","动",""
"1-9759","务实","wùshí","动、形",""
"1-9760","物证","wùzhèng","名",""
"1-9761","物种","wùzhǒng","名",""
"1-9762","物资","wùzī","名",""
"1-9763","稀","xī","形",""
"1-9764","溪","xī","名",""
"1-9765","吸毒","xīdú","动",""
"1-9766","膝盖","xīgài","名",""
"1-9767","稀罕","xīhan","形、动",""
"1-9768","熄火","xīhuǒ","动",""
"1-9769","犀利","xīlì","形",""
"1-9770","奚落","xīluò","动",""
"1-9771","熄灭","xīmiè","动",""
"1-9772","吸纳","xīnà","动",""
"1-9773","稀奇","xīqí","形",""
"1-9774","昔日","xīrì","名",""
"1-9775","稀少","xīshǎo","形",""
"1-9776","牺牲","xīshēng","动",""
"1-9777","嬉笑","xīxiào","动",""
"1-9778","熙熙攘攘","xīxī-rǎngrǎng","形",""
"1-9779","息息相关","xīxī-xiāngguān","",""
"1-9780","夕阳","xīyáng","名、形",""
"1-9781","稀有","xīyǒu","形",""
"1-9782","锡纸","xīzhǐ","名",""
"1-9783","席","xí","名、量",""
"1-9784","袭击","xíjī","动",""
"1-9785","席位","xíwèi","名",""
"1-9786","喜出望外","xǐchūwàngwài","",""
"1-9787","洗涤","xǐdí","动",""
"1-9788","喜好","xǐhào","动",""
"1-9789","喜酒","xǐjiǔ","名",""
"1-9790","洗礼","xǐlǐ","名",""
"1-9791","喜怒哀乐","xǐ-nù-āi-lè","",""
"1-9792","喜庆","xǐqìng","形、名",""
"1-9793","喜糖","xǐtáng","名",""
"1-9794","喜闻乐见","xǐwén-lèjiàn","",""
"1-9795","喜洋洋","xǐyángyáng","形",""
"1-9796","喜悦","xǐyuè","形",""
"1-9797","细腻","xìnì","形",""
"1-9798","细微","xìwēi","形",""
"1-9799","虾","xiā","名",""
"1-9800","瞎","xiā","动、副",""
"1-9801","狭隘","xiá’ài","形",""
"1-9802","瑕疵","xiácī","名",""
"1-9803","峡谷","xiágǔ","名",""
"1-9804","辖区","xiáqū","名",""
"1-9805","狭小","xiáxiǎo","形",""
"1-9806","狭义","xiáyì","名",""
"1-9807","狭窄","xiázhǎi","形",""
"1-9808","下半场","xiàbànchǎng","名",""
"1-9809","下场","xiàchǎng","名",""
"1-9810","下达","xiàdá","动",""
"1-9811","下跌","xiàdiē","动",""
"1-9812","吓唬","xiàhu","动",""
"1-9813","下滑","xiàhuá","动",""
"1-9814","下级","xiàjí","名",""
"1-9815","下令","xiàlìng","动",""
"1-9816","下落","xiàluò","名、动",""
"1-9817","吓人","xiàrén","形",""
"1-9818","下手","xiàshǒu","动",""
"1-9819","下属","xiàshǔ","名",""
"1-9820","下台","xiàtái","动",""
"1-9821","下调","xiàtiáo","动",""
"1-9822","下行","xiàxíng","动",""
"1-9823","下意识","xiàyìshí","名、副",""
"1-9824","下游","xiàyóu","名",""
"1-9825","下坠","xiàzhuì","动",""
"1-9826","掀","xiān","动",""
"1-9827","先锋","xiānfēng","名",""
"1-9828","仙鹤","xiānhè","名",""
"1-9829","鲜活","xiānhuó","形",""
"1-9830","先例","xiānlì","名",""
"1-9831","鲜美","xiānměi","形",""
"1-9832","仙女","xiānnǚ","名",""
"1-9833","掀起","xiānqǐ","动",""
"1-9834","先天","xiāntiān","名",""
"1-9835","纤维","xiānwéi","名",""
"1-9836","鲜血","xiānxuè","名",""
"1-9837","弦","xián","名",""
"1-9838","闲话","xiánhuà","名、动",""
"1-9839","衔接","xiánjiē","动",""
"1-9840","嫌弃","xiánqì","动",""
"1-9841","嫌疑","xiányí","名",""
"1-9842","闲置","xiánzhì","动",""
"1-9843","显而易见","xiǎn’éryìjiàn","",""
"1-9844","显赫","xiǎnhè","形",""
"1-9845","显露","xiǎnlù","动",""
"1-9846","显示器","xiǎnshìqì","名",""
"1-9847","显微镜","xiǎnwēijìng","名",""
"1-9848","鲜为人知","xiǎnwéirénzhī","",""
"1-9849","显现","xiǎnxiàn","动",""
"1-9850","显性","xiǎnxìng","形",""
"1-9851","显眼","xiǎnyǎn","形",""
"1-9852","陷","xiàn","动",""
"1-9853","馅","xiàn","名",""
"1-9854","献","xiàn","动",""
"1-9855","现成","xiànchéng","形",""
"1-9856","限定","xiàndìng","动",""
"1-9857","宪法","xiànfǎ","名",""
"1-9858","陷害","xiànhài","动",""
"1-9859","陷阱","xiànjǐng","名",""
"1-9860","现任","xiànrèn","动、形",""
"1-9861","线条","xiàntiáo","名",""
"1-9862","现行","xiànxíng","形",""
"1-9863","镶","xiāng","动",""
"1-9864","相伴","xiāngbàn","动",""
"1-9865","相辅相成","xiāngfǔ-xiāngchéng","",""
"1-9866","相继","xiāngjì","副",""
"1-9867","相近","xiāngjìn","形",""
"1-9868","香料","xiāngliào","名",""
"1-9869","镶嵌","xiāngqiàn","动",""
"1-9870","乡亲","xiāngqīn","名",""
"1-9871","相识","xiāngshí","动、名",""
"1-9872","相提并论","xiāngtí-bìnglùn","",""
"1-9873","相通","xiāngtōng","动",""
"1-9874","乡下","xiāngxia","名",""
"1-9875","香油","xiāngyóu","名",""
"1-9876","相遇","xiāngyù","动",""
"1-9877","相约","xiāngyuē","动",""
"1-9878","祥和","xiánghé","形",""
"1-9879","详尽","xiángjìn","形",""
"1-9880","享","xiǎng","动",""
"1-9881","想方设法","xiǎngfāng-shèfǎ","",""
"1-9882","响亮","xiǎngliàng","形",""
"1-9883","响应","xiǎngyìng","动",""
"1-9884","享用","xiǎngyòng","动",""
"1-9885","享有","xiǎngyǒu","动",""
"1-9886","巷","xiàng","名",""
"1-9887","向导","xiàngdǎo","名",""
"1-9888","橡胶","xiàngjiāo","名",""
"1-9889","向来","xiànglái","副",""
"1-9890","相貌","xiàngmào","名",""
"1-9891","像样","xiàngyàng","形",""
"1-9892","消","xiāo","动",""
"1-9893","销","xiāo","动",""
"1-9894","削","xiāo","动",""
"1-9895","消沉","xiāochén","形",""
"1-9896","销毁","xiāohuǐ","动",""
"1-9897","消磨","xiāomó","动",""
"1-9898","消遣","xiāoqiǎn","动",""
"1-9899","潇洒","xiāosǎ","形",""
"1-9900","萧条","xiāotiáo","形",""
"1-9901","嚣张","xiāozhāng","形",""
"1-9902","小菜一碟","xiǎocài-yìdié","",""
"1-9903","小丑","xiǎochǒu","名",""
"1-9904","小费","xiǎofèi","名",""
"1-9905","小看","xiǎokàn","动",""
"1-9906","小康","xiǎokāng","形",""
"1-9907","小品","xiǎopǐn","名",""
"1-9908","小人","xiǎorén","名",""
"1-9909","小提琴","xiǎotíqín","名",""
"1-9910","小心翼翼","xiǎoxīn-yìyì","",""
"1-9911","效仿","xiàofǎng","动",""
"1-9912","孝敬","xiàojìng","动",""
"1-9913","效力","xiàolì","动、名",""
"1-9914","孝顺","xiàoshùn","动",""
"1-9915","肖像","xiàoxiàng","名",""
"1-9916","效益","xiàoyì","名",""
"1-9917","邪","xié","形",""
"1-9918","挟持","xiéchí","动",""
"1-9919","协定","xiédìng","名、动",""
"1-9920","邪恶","xié’è","形",""
"1-9921","协商","xiéshāng","动",""
"1-9922","携手","xiéshǒu","动",""
"1-9923","协同","xiétóng","动",""
"1-9924","协作","xiézuò","动",""
"1-9925","写照","xiězhào","动、名",""
"1-9926","泄","xiè","动",""
"1-9927","泻","xiè","动",""
"1-9928","卸","xiè","动",""
"1-9929","谢绝","xièjué","动",""
"1-9930","泄漏","xièlòu","动",""
"1-9931","泄露","xièlòu","动",""
"1-9932","泄密","xièmì","动",""
"1-9933","泄气","xièqì","动、形",""
"1-9934","卸任","xièrèn","动",""
"1-9935","卸载","xièzài","动",""
"1-9936","心安理得","xīn’ān-lǐdé","",""
"1-9937","心病","xīnbìng","名",""
"1-9938","心肠","xīncháng","名",""
"1-9939","新潮","xīncháo","名、形",""
"1-9940","新陈代谢","xīnchén-dàixiè","",""
"1-9941","薪酬","xīnchóu","名",""
"1-9942","新春","xīnchūn","名",""
"1-9943","心得","xīndé","名",""
"1-9944","心甘情愿","xīngān-qíngyuàn","",""
"1-9945","心慌","xīnhuāng","形",""
"1-9946","心急如焚","xīnjí-rúfén","",""
"1-9947","心灵手巧","xīnlíng-shǒuqiǎo","",""
"1-9948","芯片","xīnpiàn","名",""
"1-9949","新奇","xīnqí","形",""
"1-9950","辛勤","xīnqín","形",""
"1-9951","心声","xīnshēng","名",""
"1-9952","新生","xīnshēng","形、名",""
"1-9953","心事","xīnshì","名",""
"1-9954","新式","xīnshì","形",""
"1-9955","新手","xīnshǒu","名",""
"1-9956","心思","xīnsi","名",""
"1-9957","心酸","xīnsuān","形",""
"1-9958","辛酸","xīnsuān","形",""
"1-9959","欣慰","xīnwèi","形",""
"1-9960","欣喜","xīnxǐ","形",""
"1-9961","心想事成","xīnxiǎng-shìchéng","",""
"1-9962","欣欣向荣","xīnxīn-xiàngróng","",""
"1-9963","心胸","xīnxiōng","名",""
"1-9964","心血","xīnxuè","名",""
"1-9965","心眼儿","xīnyǎnr","名",""
"1-9966","心意","xīnyì","名",""
"1-9967","信贷","xìndài","名",""
"1-9968","信件","xìnjiàn","名",""
"1-9969","信仰","xìnyǎng","动、名",""
"1-9970","信誉","xìnyù","名",""
"1-9971","腥","xīng","形",""
"1-9972","兴奋剂","xīngfènjì","名",""
"1-9973","星级","xīngjí","名、形",""
"1-9974","兴建","xīngjiàn","动",""
"1-9975","兴隆","xīnglóng","形",""
"1-9976","星球","xīngqiú","名",""
"1-9977","兴盛","xīngshèng","形",""
"1-9978","兴旺","xīngwàng","形",""
"1-9979","星系","xīngxì","名",""
"1-9980","猩猩","xīngxing","名",""
"1-9981","星座","xīngzuò","名",""
"1-9982","刑法","xíngfǎ","名",""
"1-9983","刑事","xíngshì","形",""
"1-9984","行使","xíngshǐ","动",""
"1-9985","行星","xíngxīng","名",""
"1-9986","形形色色","xíngxíngsèsè","形",""
"1-9987","形影不离","xíngyǐng-bùlí","",""
"1-9988","行政","xíngzhèng","动、名",""
"1-9989","醒目","xǐngmù","形",""
"1-9990","醒悟","xǐngwù","动",""
"1-9991","幸存","xìngcún","动",""
"1-9992","性感","xìnggǎn","形",""
"1-9993","兴高采烈","xìnggāo-cǎiliè","",""
"1-9994","幸好","xìnghǎo","副",""
"1-9995","幸亏","xìngkuī","副",""
"1-9996","幸免","xìngmiǎn","动",""
"1-9997","性命","xìngmìng","名",""
"1-9998","性情","xìngqíng","名",""
"1-9999","姓氏","xìngshì","名",""
"1-10000","兴致","xìngzhì","名",""
"1-10001","凶","xiōng","形",""
"1-10002","凶残","xiōngcán","形",""
"1-10003","凶恶","xiōng’è","形",""
"1-10004","凶狠","xiōnghěn","形",""
"1-10005","胸怀","xiōnghuái","动、名",""
"1-10006","凶猛","xiōngměng","形",""
"1-10007","凶手","xiōngshǒu","名",""
"1-10008","胸膛","xiōngtáng","名",""
"1-10009","汹涌","xiōngyǒng","动",""
"1-10010","胸有成竹","xiōngyǒuchéngzhú","",""
"1-10011","雄厚","xiónghòu","形",""
"1-10012","雄伟","xióngwěi","形",""
"1-10013","雄性","xióngxìng","名",""
"1-10014","修补","xiūbǔ","动",""
"1-10015","修长","xiūcháng","形",""
"1-10016","羞耻","xiūchǐ","形",""
"1-10017","休克","xiūkè","名、动",""
"1-10018","羞愧","xiūkuì","形",""
"1-10019","休眠","xiūmián","动",""
"1-10020","休想","xiūxiǎng","动",""
"1-10021","休养","xiūyǎng","动",""
"1-10022","修养","xiūyǎng","名",""
"1-10023","修正","xiūzhèng","动",""
"1-10024","绣","xiù","动",""
"1-10025","锈","xiù","名、动",""
"1-10026","嗅","xiù","动",""
"1-10027","嗅觉","xiùjué","名",""
"1-10028","秀丽","xiùlì","形",""
"1-10029","秀美","xiùměi","形",""
"1-10030","袖手旁观","xiùshǒu-pángguān","",""
"1-10031","袖珍","xiùzhēn","形",""
"1-10032","须","xū","动",""
"1-10033","虚","xū","形、副",""
"1-10034","虚构","xūgòu","动",""
"1-10035","虚幻","xūhuàn","形",""
"1-10036","虚假","xūjiǎ","形",""
"1-10037","虚拟","xūnǐ","动、形",""
"1-10038","虚荣","xūróng","名、形",""
"1-10039","虚弱","xūruò","形",""
"1-10040","虚伪","xūwěi","形",""
"1-10041","须知","xūzhī","名、动",""
"1-10042","徐徐","xúxú","形",""
"1-10043","许","xǔ","动、副",""
"1-10044","许愿","xǔyuàn","动",""
"1-10045","序","xù","名",""
"1-10046","续","xù","动",""
"1-10047","絮叨","xùdao","形、动",""
"1-10048","续航","xùháng","动",""
"1-10049","酗酒","xùjiǔ","动",""
"1-10050","序列","xùliè","名",""
"1-10051","畜牧","xùmù","名",""
"1-10052","序幕","xùmù","名",""
"1-10053","旭日","xùrì","名",""
"1-10054","序言","xùyán","名",""
"1-10055","宣称","xuānchēng","动",""
"1-10056","宣读","xuāndú","动",""
"1-10057","宣告","xuāngào","动",""
"1-10058","喧哗","xuānhuá","形、动",""
"1-10059","喧闹","xuānnào","形、动",""
"1-10060","宣誓","xuānshì","动",""
"1-10061","宣泄","xuānxiè","动",""
"1-10062","宣言","xuānyán","名、动",""
"1-10063","宣扬","xuānyáng","动",""
"1-10064","玄","xuán","形",""
"1-10065","悬","xuán","动",""
"1-10066","悬挂","xuánguà","动",""
"1-10067","玄机","xuánjī","名",""
"1-10068","旋律","xuánlǜ","名",""
"1-10069","悬念","xuánniàn","名",""
"1-10070","悬殊","xuánshū","形",""
"1-10071","旋涡","xuánwō","名",""
"1-10072","悬崖","xuányá","名",""
"1-10073","选举","xuǎnjǔ","动",""
"1-10074","选民","xuǎnmín","名",""
"1-10075","选项","xuǎnxiàng","名",""
"1-10076","选用","xuǎnyòng","动",""
"1-10077","炫耀","xuànyào","动",""
"1-10078","削减","xuējiǎn","动",""
"1-10079","削弱","xuēruò","动",""
"1-10080","靴子","xuēzi","名",""
"1-10081","学识","xuéshí","名",""
"1-10082","学士","xuéshì","名",""
"1-10083","学说","xuéshuō","名",""
"1-10084","穴位","xuéwèi","名",""
"1-10085","学业","xuéyè","名",""
"1-10086","学子","xuézǐ","名",""
"1-10087","雪山","xuěshān","名",""
"1-10088","雪上加霜","xuěshàng-jiāshuāng","",""
"1-10089","血脉","xuèmài","名",""
"1-10090","血缘","xuèyuán","名",""
"1-10091","熏","xūn","动",""
"1-10092","熏陶","xūntáo","动",""
"1-10093","勋章","xūnzhāng","名",""
"1-10094","旬","xún","量",""
"1-10095","寻","xún","动",""
"1-10096","寻常","xúncháng","形",""
"1-10097","巡回","xúnhuí","动",""
"1-10098","巡逻","xúnluó","动",""
"1-10099","寻觅","xúnmì","动",""
"1-10100","巡视","xúnshì","动",""
"1-10101","循序渐进","xúnxù-jiànjìn","",""
"1-10102","训","xùn","动",""
"1-10103","驯","xùn","动",""
"1-10104","迅猛","xùnměng","形",""
"1-10105","逊色","xùnsè","名、形",""
"1-10106","押","yā","动",""
"1-10107","压倒","yādǎo","动",""
"1-10108","压迫","yāpò","动",""
"1-10109","鸦雀无声","yāquè-wúshēng","",""
"1-10110","丫头","yātou","名",""
"1-10111","压抑","yāyì","动",""
"1-10112","压榨","yāzhà","动",""
"1-10113","压制","yāzhì","动",""
"1-10114","压轴","yāzhòu","动、名",""
"1-10115","芽","yá","名",""
"1-10116","哑","yǎ","形",""
"1-10117","揠苗助长","yàmiáo-zhùzhǎng","",""
"1-10118","烟囱","yāncōng","名",""
"1-10119","咽喉","yānhóu","名",""
"1-10120","烟花","yānhuā","名",""
"1-10121","烟火","yānhuǒ","名",""
"1-10122","延","yán","动",""
"1-10123","沿岸","yán’àn","名",""
"1-10124","言辞","yáncí","名",""
"1-10125","延缓","yánhuǎn","动",""
"1-10126","严谨","yánjǐn","形",""
"1-10127","严峻","yánjùn","形",""
"1-10128","言论","yánlùn","名",""
"1-10129","严密","yánmì","形",""
"1-10130","岩石","yánshí","名",""
"1-10131","沿途","yántú","名、副",""
"1-10132","阎王","Yánwang","名",""
"1-10133","延误","yánwù","动",""
"1-10134","沿线","yánxiàn","名",""
"1-10135","言行","yánxíng","名",""
"1-10136","沿用","yányòng","动",""
"1-10137","演变","yǎnbiàn","动",""
"1-10138","掩耳盗铃","yǎn’ěr-dàolíng","",""
"1-10139","掩盖","yǎngài","动",""
"1-10140","眼红","yǎnhóng","形",""
"1-10141","掩护","yǎnhù","动、名",""
"1-10142","演化","yǎnhuà","动",""
"1-10143","演技","yǎnjì","名",""
"1-10144","眼界","yǎnjiè","名",""
"1-10145","演练","yǎnliàn","动",""
"1-10146","眼色","yǎnsè","名",""
"1-10147","眼神","yǎnshén","名",""
"1-10148","衍生","yǎnshēng","动",""
"1-10149","掩饰","yǎnshì","动",""
"1-10150","演示","yǎnshì","动",""
"1-10151","演说","yǎnshuō","动、名",""
"1-10152","演习","yǎnxí","动",""
"1-10153","眼下","yǎnxià","名",""
"1-10154","演绎","yǎnyì","动",""
"1-10155","咽","yàn","动",""
"1-10156","验","yàn","动",""
"1-10157","厌烦","yànfán","动",""
"1-10158","厌倦","yànjuàn","动",""
"1-10159","艳丽","yànlì","形",""
"1-10160","验收","yànshōu","动",""
"1-10161","厌恶","yànwù","动",""
"1-10162","燕子","yànzi","名",""
"1-10163","秧歌","yāngge","名",""
"1-10164","扬","yáng","动",""
"1-10165","阳历","yánglì","名",""
"1-10166","杨树","yángshù","名",""
"1-10167","阳性","yángxìng","名",""
"1-10168","洋溢","yángyì","动",""
"1-10169","养活","yǎnghuo","动",""
"1-10170","养生","yǎngshēng","动",""
"1-10171","仰望","yǎngwàng","动",""
"1-10172","养育","yǎngyù","动",""
"1-10173","养殖","yǎngzhí","动",""
"1-10174","样本","yàngběn","名",""
"1-10175","样品","yàngpǐn","名",""
"1-10176","邀","yāo","动",""
"1-10177","妖怪","yāoguài","名",""
"1-10178","窑","yáo","名",""
"1-10179","摇摆","yáobǎi","动",""
"1-10180","摇晃","yáohuàng","动",""
"1-10181","遥控","yáokòng","动",""
"1-10182","摇篮","yáolán","名",""
"1-10183","谣言","yáoyán","名",""
"1-10184","摇摇欲坠","yáoyáo-yùzhuì","",""
"1-10185","药材","yàocái","名",""
"1-10186","药方","yàofāng","名",""
"1-10187","要害","yàohài","名",""
"1-10188","要好","yàohǎo","形",""
"1-10189","要紧","yàojǐn","形",""
"1-10190","要领","yàolǐng","名",""
"1-10191","要命","yàomìng","动",""
"1-10192","要强","yàoqiáng","形",""
"1-10193","耀眼","yàoyǎn","形",""
"1-10194","椰子","yēzi","名",""
"1-10195","野餐","yěcān","动、名",""
"1-10196","野蛮","yěmán","形",""
"1-10197","野兽","yěshòu","名",""
"1-10198","野心","yěxīn","名",""
"1-10199","夜班","yèbān","名",""
"1-10200","业绩","yèjì","名",""
"1-10201","液晶","yèjīng","名",""
"1-10202","夜校","yèxiào","名",""
"1-10203","夜宵","yèxiāo","名",""
"1-10204","夜以继日","yèyǐjìrì","",""
"1-10205","依","yī","动、介",""
"1-10206","依次","yīcì","副",""
"1-10207","依法","yīfǎ","副",""
"1-10208","依附","yīfù","动",""
"1-10209","衣裳","yīshang","名",""
"1-10210","依托","yītuō","动",""
"1-10211","医务","yīwù","名",""
"1-10212","一线","yīxiàn","名",""
"1-10213","依依不舍","yīyī-bùshě","",""
"1-10214","依照","yīzhào","动、介",""
"1-10215","仪表","yíbiǎo","名",""
"1-10216","一并","yíbìng","副",""
"1-10217","疑点","yídiǎn","名",""
"1-10218","一动不动","yídòng-búdòng","",""
"1-10219","一度","yídù","数量、副",""
"1-10220","一概","yígài","副",""
"1-10221","一概而论","yígài’érlùn","",""
"1-10222","一晃","yíhuàng","动",""
"1-10223","移交","yíjiāo","动",""
"1-10224","一技之长","yíjìzhīcháng","",""
"1-10225","宜居","yíjū","形",""
"1-10226","遗留","yíliú","动",""
"1-10227","遗漏","yílòu","动",""
"1-10228","疑虑","yílǜ","动、名",""
"1-10229","一面","yímiàn","名、副",""
"1-10230","一目了然","yímù-liǎorán","",""
"1-10231","遗弃","yíqì","动",""
"1-10232","怡然自得","yírán-zìdé","",""
"1-10233","宜人","yírén","形",""
"1-10234","遗失","yíshī","动",""
"1-10235","一事无成","yíshì-wúchéng","",""
"1-10236","遗体","yítǐ","名",""
"1-10237","遗忘","yíwàng","动",""
"1-10238","一味","yíwèi","副",""
"1-10239","遗物","yíwù","名",""
"1-10240","移植","yízhí","动",""
"1-10241","遗嘱","yízhǔ","名",""
"1-10242","矣","yǐ","助",""
"1-10243","倚","yǐ","动",""
"1-10244","以身作则","yǐshēn-zuòzé","",""
"1-10245","以致","yǐzhì","连",""
"1-10246","以至于","yǐzhìyú","连",""
"1-10247","议","yì","动",""
"1-10248","亦","yì","副",""
"1-10249","译","yì","动",""
"1-10250","溢","yì","动",""
"1-10251","议程","yìchéng","名",""
"1-10252","一成不变","yìchéng-búbiàn","",""
"1-10253","一筹莫展","yìchóu-mòzhǎn","",""
"1-10254","一干二净","yìgān-èrjìng","",""
"1-10255","义工","yìgōng","名",""
"1-10256","一鼓作气","yìgǔ-zuòqì","",""
"1-10257","一经","yìjīng","副",""
"1-10258","一举","yìjǔ","名、副",""
"1-10259","一举两得","yìjǔ-liǎngdé","",""
"1-10260","一举一动","yìjǔ-yídòng","",""
"1-10261","异口同声","yìkǒu-tóngshēng","",""
"1-10262","易拉罐","yìlāguàn","名",""
"1-10263","一揽子","yìlǎnzi","形",""
"1-10264","屹立","yìlì","动",""
"1-10265","毅力","yìlì","名",""
"1-10266","一连","yìlián","副",""
"1-10267","一连串","yìliánchuàn","形",""
"1-10268","意料","yìliào","动",""
"1-10269","一毛不拔","yìmáo-bùbá","",""
"1-10270","疫苗","yìmiáo","名",""
"1-10271","一旁","yìpáng","名",""
"1-10272","一齐","yìqí","副",""
"1-10273","毅然","yìrán","副",""
"1-10274","一如既往","yìrú-jìwǎng","",""
"1-10275","一声不吭","yìshēng-bùkēng","",""
"1-10276","一手","yìshǒu","名、副",""
"1-10277","一丝不苟","yìsī-bùgǒu","",""
"1-10278","一塌糊涂","yìtāhútú","",""
"1-10279","议题","yìtí","名",""
"1-10280","一体","yìtǐ","名",""
"1-10281","一头","yìtóu","名、副",""
"1-10282","意图","yìtú","动、名",""
"1-10283","亿万","yìwàn","数",""
"1-10284","意味","yìwèi","名",""
"1-10285","一无所有","yìwúsuǒyǒu","",""
"1-10286","一无所知","yìwúsuǒzhī","",""
"1-10287","意向","yìxiàng","名",""
"1-10288","意想不到","yìxiǎng-búdào","",""
"1-10289","异想天开","yìxiǎng-tiānkāi","",""
"1-10290","一心","yìxīn","副、形",""
"1-10291","一行","yìxíng","名",""
"1-10292","异性","yìxìng","形、名",""
"1-10293","一心一意","yìxīn-yíyì","",""
"1-10294","一言不发","yìyán-bùfā","",""
"1-10295","抑扬顿挫","yìyáng-dùncuò","",""
"1-10296","一言一行","yìyán-yìxíng","",""
"1-10297","异议","yìyì","名",""
"1-10298","一应俱全","yìyīng-jùquán","",""
"1-10299","抑郁","yìyù","形",""
"1-10300","意愿","yìyuàn","名",""
"1-10301","抑郁症","yìyùzhèng","名",""
"1-10302","一早","yìzǎo","名",""
"1-10303","一针见血","yìzhēn-jiànxiě","",""
"1-10304","意志","yìzhì","名",""
"1-10305","阴暗","yīn’àn","形",""
"1-10306","因地制宜","yīndì-zhìyí","",""
"1-10307","阴历","yīnlì","名",""
"1-10308","阴谋","yīnmóu","动、名",""
"1-10309","殷勤","yīnqín","形",""
"1-10310","因人而异","yīnrén’éryì","",""
"1-10311","音响","yīnxiǎng","名",""
"1-10312","阴性","yīnxìng","名",""
"1-10313","阴影","yīnyǐng","名",""
"1-10314","银幕","yínmù","名",""
"1-10315","瘾","yǐn","名",""
"1-10316","隐蔽","yǐnbì","动、形",""
"1-10317","隐含","yǐnhán","动",""
"1-10318","隐患","yǐnhuàn","名",""
"1-10319","引荐","yǐnjiàn","动",""
"1-10320","引经据典","yǐnjīng-jùdiǎn","",""
"1-10321","引领","yǐnlǐng","动",""
"1-10322","隐瞒","yǐnmán","动",""
"1-10323","引擎","yǐnqíng","名",""
"1-10324","隐情","yǐnqíng","名",""
"1-10325","引人入胜","yǐnrén-rùshèng","",""
"1-10326","引人注目","yǐnrén-zhùmù","",""
"1-10327","隐形","yǐnxíng","形",""
"1-10328","隐性","yǐnxìng","形",""
"1-10329","引用","yǐnyòng","动",""
"1-10330","引诱","yǐnyòu","动",""
"1-10331","隐约","yǐnyuē","形",""
"1-10332","印章","yìnzhāng","名",""
"1-10333","印证","yìnzhèng","动、名",""
"1-10334","鹰","yīng","名",""
"1-10335","英俊","yīngjùn","形",""
"1-10336","英明","yīngmíng","形",""
"1-10337","英勇","yīngyǒng","形",""
"1-10338","应有尽有","yīngyǒu-jìnyǒu","",""
"1-10339","荧光","yíngguāng","名",""
"1-10340","迎合","yínghé","动",""
"1-10341","赢家","yíngjiā","名",""
"1-10342","营救","yíngjiù","动",""
"1-10343","盈利","yínglì","名",""
"1-10344","营利","yínglì","动",""
"1-10345","迎面","yíngmiàn","副",""
"1-10346","营销","yíngxiāo","动",""
"1-10347","营造","yíngzào","动",""
"1-10348","影像","yǐngxiàng","名",""
"1-10349","应","yìng","动",""
"1-10350","硬币","yìngbì","名",""
"1-10351","应酬","yìngchou","动、名",""
"1-10352","应付","yìngfu","动",""
"1-10353","应急","yìngjí","动",""
"1-10354","硬朗","yìnglang","形",""
"1-10355","硬盘","yìngpán","名",""
"1-10356","应邀","yìngyāo","动",""
"1-10357","拥护","yōnghù","动",""
"1-10358","庸俗","yōngsú","形",""
"1-10359","涌","yǒng","动",""
"1-10360","永恒","yǒnghéng","形",""
"1-10361","永久","yǒngjiǔ","形",""
"1-10362","勇往直前","yǒngwǎng-zhíqián","",""
"1-10363","踊跃","yǒngyuè","动、形",""
"1-10364","用意","yòngyì","名",""
"1-10365","忧愁","yōuchóu","形",""
"1-10366","忧虑","yōulǜ","动",""
"1-10367","优胜劣汰","yōushèng-liètài","",""
"1-10368","悠闲","yōuxián","形",""
"1-10369","优雅","yōuyǎ","形",""
"1-10370","忧郁","yōuyù","形",""
"1-10371","优越","yōuyuè","形",""
"1-10372","邮编","yóubiān","名",""
"1-10373","游船","yóuchuán","名",""
"1-10374","油画","yóuhuà","名",""
"1-10375","油腻","yóunì","形、名",""
"1-10376","油漆","yóuqī","名、动",""
"1-10377","尤为","yóuwéi","副",""
"1-10378","游行","yóuxíng","动",""
"1-10379","犹豫不决","yóuyù-bùjué","",""
"1-10380","邮政","yóuzhèng","名",""
"1-10381","由衷","yóuzhōng","动",""
"1-10382","有待","yǒudài","动",""
"1-10383","有的放矢","yǒudì-fàngshǐ","",""
"1-10384","友人","yǒurén","名",""
"1-10385","友善","yǒushàn","形",""
"1-10386","有声有色","yǒushēng-yǒusè","",""
"1-10387","有条不紊","yǒutiáo-bùwěn","",""
"1-10388","有望","yǒuwàng","动",""
"1-10389","有幸","yǒuxìng","形",""
"1-10390","有意","yǒuyì","动、副",""
"1-10391","有朝一日","yǒuzhāo-yírì","",""
"1-10392","诱饵","yòu’ěr","名",""
"1-10393","诱发","yòufā","动",""
"1-10394","诱惑","yòuhuò","动、名",""
"1-10395","诱人","yòurén","动、形",""
"1-10396","幼稚","yòuzhì","形",""
"1-10397","淤泥","yūní","名",""
"1-10398","余","yú","动、数",""
"1-10399","渔船","yúchuán","名",""
"1-10400","愚蠢","yúchǔn","形",""
"1-10401","余地","yúdì","名",""
"1-10402","愚公移山","yúgōng-yíshān","",""
"1-10403","舆论","yúlùn","名",""
"1-10404","愚昧","yúmèi","形",""
"1-10405","渔民","yúmín","名",""
"1-10406","逾期","yúqī","动",""
"1-10407","愉悦","yúyuè","形",""
"1-10408","与否","yǔ fǒu","",""
"1-10409","与日俱增","yǔrì-jùzēng","",""
"1-10410","与时俱进","yǔshí-jùjìn","",""
"1-10411","予以","yǔyǐ","动",""
"1-10412","与众不同","yǔzhòng-bùtóng","",""
"1-10413","宇宙","yǔzhòu","名",""
"1-10414","玉","yù","名",""
"1-10415","愈","yù","副",""
"1-10416","预备","yùbèi","动",""
"1-10417","预感","yùgǎn","动、名",""
"1-10418","预告","yùgào","动、名",""
"1-10419","愈合","yùhé","动",""
"1-10420","愈加","yùjiā","副",""
"1-10421","预见","yùjiàn","动、名",""
"1-10422","预警","yùjǐng","动",""
"1-10423","郁闷","yùmèn","形",""
"1-10424","遇难","yùnàn","动",""
"1-10425","预赛","yùsài","动、名",""
"1-10426","预示","yùshì","动",""
"1-10427","预售","yùshòu","动",""
"1-10428","预算","yùsuàn","名、动",""
"1-10429","遇险","yùxiǎn","动",""
"1-10430","预先","yùxiān","副",""
"1-10431","预言","yùyán","动、名",""
"1-10432","寓言","yùyán","名",""
"1-10433","愈演愈烈","yùyǎn-yùliè","",""
"1-10434","寓意","yùyì","名",""
"1-10435","预兆","yùzhào","名、动",""
"1-10436","冤","yuān","名、形",""
"1-10437","冤枉","yuānwang","形、动",""
"1-10438","渊源","yuānyuán","名",""
"1-10439","原创","yuánchuàng","动",""
"1-10440","缘分","yuánfèn","名",""
"1-10441","原告","yuángào","名",""
"1-10442","缘故","yuángù","名",""
"1-10443","元老","yuánlǎo","名",""
"1-10444","园区","yuánqū","名",""
"1-10445","源泉","yuánquán","名",""
"1-10446","元首","yuánshǒu","名",""
"1-10447","源头","yuántóu","名",""
"1-10448","原型","yuánxíng","名",""
"1-10449","源源不断","yuányuán-búduàn","",""
"1-10450","源远流长","yuányuǎn-liúcháng","",""
"1-10451","原汁原味","yuánzhī-yuánwèi","",""
"1-10452","援助","yuánzhù","动",""
"1-10453","原装","yuánzhuāng","形",""
"1-10454","远见","yuǎnjiàn","名",""
"1-10455","远近闻名","yuǎnjìn-wénmíng","",""
"1-10456","怨","yuàn","动",""
"1-10457","怨恨","yuànhèn","动、名",""
"1-10458","怨气","yuànqì","名",""
"1-10459","院士","yuànshì","名",""
"1-10460","怨言","yuànyán","名",""
"1-10461","曰","yuē","动",""
"1-10462","约定俗成","yuēdìng-súchéng","",""
"1-10463","乐队","yuèduì","名",""
"1-10464","悦耳","yuè’ěr","形",""
"1-10465","越发","yuèfā","副",""
"1-10466","岳父","yuèfù","名",""
"1-10467","越过","yuèguò","动",""
"1-10468","阅览","yuèlǎn","动",""
"1-10469","阅历","yuèlì","动、名",""
"1-10470","岳母","yuèmǔ","名",""
"1-10471","乐谱","yuèpǔ","名",""
"1-10472","晕头转向","yūntóu-zhuànxiàng","",""
"1-10473","陨石","yǔnshí","名",""
"1-10474","熨","yùn","动",""
"1-10475","蕴藏","yùncáng","动",""
"1-10476","运筹帷幄","yùnchóu-wéiwò","",""
"1-10477","孕妇","yùnfù","名",""
"1-10478","蕴含","yùnhán","动",""
"1-10479","运河","yùnhé","名",""
"1-10480","酝酿","yùnniàng","动",""
"1-10481","运算","yùnsuàn","动",""
"1-10482","韵味","yùnwèi","名",""
"1-10483","孕育","yùnyù","动",""
"1-10484","运转","yùnzhuǎn","动",""
"1-10485","运作","yùnzuò","动",""
"1-10486","砸","zá","动",""
"1-10487","杂技","zájì","名",""
"1-10488","杂交","zájiāo","动",""
"1-10489","杂乱无章","záluàn-wúzhāng","",""
"1-10490","栽","zāi","动",""
"1-10491","栽培","zāipéi","动",""
"1-10492","栽赃","zāizāng","动",""
"1-10493","宰","zǎi","动",""
"1-10494","再度","zàidù","副",""
"1-10495","再接再厉","zàijiē-zàilì","",""
"1-10496","在所难免","zàisuǒnánmiǎn","",""
"1-10497","载体","zàitǐ","名",""
"1-10498","再现","zàixiàn","动",""
"1-10499","在职","zàizhí","动",""
"1-10500","攒","zǎn","动",""
"1-10501","暂","zàn","副",""
"1-10502","赞不绝口","zànbùjuékǒu","",""
"1-10503","赞美","zànměi","动",""
"1-10504","暂且","zànqiě","副",""
"1-10505","赞叹","zàntàn","动",""
"1-10506","赞许","zànxǔ","动",""
"1-10507","赞扬","zànyáng","动",""
"1-10508","赞助","zànzhù","动",""
"1-10509","葬","zàng","动",""
"1-10510","葬礼","zànglǐ","名",""
"1-10511","糟粕","zāopò","名",""
"1-10512","糟蹋","zāotà","动",""
"1-10513","遭殃","zāoyāng","动",""
"1-10514","凿","záo","动",""
"1-10515","枣","zǎo","名",""
"1-10516","早年","zǎonián","名",""
"1-10517","早日","zǎorì","副、名",""
"1-10518","灶","zào","名",""
"1-10519","造福","zàofú","动",""
"1-10520","造价","zàojià","名",""
"1-10521","造假","zàojiǎ","动",""
"1-10522","造就","zàojiù","动、名",""
"1-10523","则2","zé","量",""
"1-10524","责备","zébèi","动",""
"1-10525","责怪","zéguài","动",""
"1-10526","贼","zéi","名、形",""
"1-10527","增产","zēngchǎn","动",""
"1-10528","增收","zēngshōu","动",""
"1-10529","增速","zēngsù","动",""
"1-10530","增添","zēngtiān","动",""
"1-10531","增值","zēngzhí","动",""
"1-10532","渣","zhā","名",""
"1-10533","扎根","zhāgēn","动",""
"1-10534","扎实","zhāshi","形",""
"1-10535","闸","zhá","名、动",""
"1-10536","眨眼","zhǎyǎn","动",""
"1-10537","榨","zhà","动",""
"1-10538","炸弹","zhàdàn","名",""
"1-10539","诈骗","zhàpiàn","动",""
"1-10540","炸药","zhàyào","名",""
"1-10541","摘要","zhāiyào","动、名",""
"1-10542","债","zhài","名",""
"1-10543","债券","zhàiquàn","名",""
"1-10544","债务","zhàiwù","名",""
"1-10545","沾","zhān","动",""
"1-10546","占卜","zhānbǔ","动",""
"1-10547","沾光","zhānguāng","动",""
"1-10548","瞻仰","zhānyǎng","动",""
"1-10549","斩","zhǎn","动",""
"1-10550","盏","zhǎn","量",""
"1-10551","斩钉截铁","zhǎndīng-jiétiě","",""
"1-10552","展望","zhǎnwàng","动",""
"1-10553","辗转","zhǎnzhuǎn","动",""
"1-10554","蘸","zhàn","动",""
"1-10555","战场","zhànchǎng","名",""
"1-10556","绽放","zhànfàng","动",""
"1-10557","站立","zhànlì","动",""
"1-10558","占领","zhànlǐng","动",""
"1-10559","战略","zhànlüè","名",""
"1-10560","战士","zhànshì","名",""
"1-10561","战术","zhànshù","名",""
"1-10562","战役","zhànyì","名",""
"1-10563","占用","zhànyòng","动",""
"1-10564","战友","zhànyǒu","名",""
"1-10565","章程","zhāngchéng","名",""
"1-10566","张灯结彩","zhāngdēng-jiécǎi","",""
"1-10567","张贴","zhāngtiē","动",""
"1-10568","张扬","zhāngyáng","动",""
"1-10569","掌舵","zhǎngduò","动、名",""
"1-10570","涨幅","zhǎngfú","名",""
"1-10571","掌管","zhǎngguǎn","动",""
"1-10572","长相","zhǎngxiàng","名",""
"1-10573","涨","zhàng","动",""
"1-10574","胀","zhàng","动、形",""
"1-10575","帐篷","zhàngpeng","名",""
"1-10576","招标","zhāobiāo","动",""
"1-10577","招揽","zhāolǎn","动",""
"1-10578","招募","zhāomù","动",""
"1-10579","招牌","zhāopai","名",""
"1-10580","朝气蓬勃","zhāoqì-péngbó","",""
"1-10581","朝三暮四","zhāosān-mùsì","",""
"1-10582","招商","zhāoshāng","动",""
"1-10583","招数","zhāoshù","名",""
"1-10584","朝夕相处","zhāoxī-xiāngchǔ","",""
"1-10585","着迷","zháomí","动",""
"1-10586","沼泽","zhǎozé","名",""
"1-10587","罩","zhào","动、名",""
"1-10588","照办","zhàobàn","动",""
"1-10589","照常","zhàocháng","副、动",""
"1-10590","召集","zhàojí","动",""
"1-10591","照例","zhàolì","副",""
"1-10592","照料","zhàoliào","动",""
"1-10593","照射","zhàoshè","动",""
"1-10594","肇事","zhàoshì","动",""
"1-10595","兆头","zhàotou","名",""
"1-10596","照样","zhàoyàng","副、动",""
"1-10597","照耀","zhàoyào","动",""
"1-10598","遮","zhē","动",""
"1-10599","遮挡","zhēdǎng","动、名",""
"1-10600","遮盖","zhēgài","动",""
"1-10601","折腾","zhēteng","动",""
"1-10602","折叠","zhédié","动",""
"1-10603","折合","zhéhé","动",""
"1-10604","哲理","zhélǐ","名",""
"1-10605","折磨","zhémó","动",""
"1-10606","折射","zhéshè","动",""
"1-10607","珍藏","zhēncáng","动、名",""
"1-10608","侦查","zhēnchá","动",""
"1-10609","针锋相对","zhēnfēng-xiāngduì","",""
"1-10610","针灸","zhēnjiǔ","名",""
"1-10611","真空","zhēnkōng","名",""
"1-10612","真理","zhēnlǐ","名",""
"1-10613","真情","zhēnqíng","名",""
"1-10614","真是","zhēnshi","动",""
"1-10615","珍视","zhēnshì","动",""
"1-10616","侦探","zhēntàn","动、名",""
"1-10617","珍稀","zhēnxī","形",""
"1-10618","真心","zhēnxīn","名",""
"1-10619","真挚","zhēnzhì","形",""
"1-10620","珍重","zhēnzhòng","动",""
"1-10621","斟酌","zhēnzhuó","动",""
"1-10622","枕","zhěn","动",""
"1-10623","诊所","zhěnsuǒ","名",""
"1-10624","震","zhèn","动",""
"1-10625","震荡","zhèndàng","动",""
"1-10626","阵地","zhèndì","名",""
"1-10627","镇定","zhèndìng","形、动",""
"1-10628","振动","zhèndòng","动",""
"1-10629","震动","zhèndòng","动",""
"1-10630","振奋","zhènfèn","形、动",""
"1-10631","震撼","zhènhàn","动",""
"1-10632","镇静","zhènjìng","形、动",""
"1-10633","震惊","zhènjīng","形、动",""
"1-10634","阵容","zhènróng","名",""
"1-10635","振兴","zhènxīng","动",""
"1-10636","阵营","zhènyíng","名",""
"1-10637","振作","zhènzuò","形、动",""
"1-10638","征","zhēng","动",""
"1-10639","蒸","zhēng","动",""
"1-10640","争辩","zhēngbiàn","动",""
"1-10641","争端","zhēngduān","名",""
"1-10642","蒸发","zhēngfā","动",""
"1-10643","争分夺秒","zhēngfēn-duómiǎo","",""
"1-10644","征服","zhēngfú","动",""
"1-10645","争光","zhēngguāng","动",""
"1-10646","征集","zhēngjí","动",""
"1-10647","症结","zhēngjié","名",""
"1-10648","争气","zhēngqì","动",""
"1-10649","征收","zhēngshōu","动",""
"1-10650","争相","zhēngxiāng","副",""
"1-10651","争先恐后","zhēngxiān-kǒnghòu","",""
"1-10652","正月","zhēngyuè","名",""
"1-10653","挣扎","zhēngzhá","动",""
"1-10654","争执","zhēngzhí","动",""
"1-10655","整顿","zhěngdùn","动",""
"1-10656","整合","zhěnghé","动",""
"1-10657","整洁","zhěngjié","形",""
"1-10658","拯救","zhěngjiù","动",""
"1-10659","整数","zhěngshù","名",""
"1-10660","整治","zhěngzhì","动",""
"1-10661","正版","zhèngbǎn","名",""
"1-10662","正当","zhèngdàng","形",""
"1-10663","政党","zhèngdǎng","名",""
"1-10664","正经","zhèngjing","形",""
"1-10665","正能量","zhèngnéngliàng","名",""
"1-10666","正气","zhèngqì","名",""
"1-10667","政权","zhèngquán","名",""
"1-10668","证券","zhèngquàn","名",""
"1-10669","证人","zhèngrén","名",""
"1-10670","正视","zhèngshì","动",""
"1-10671","正直","zhèngzhí","形",""
"1-10672","郑重","zhèngzhòng","形",""
"1-10673","正宗","zhèngzōng","名、形",""
"1-10674","之2","zhī","代",""
"1-10675","织","zhī","动",""
"1-10676","之际","zhījì","名",""
"1-10677","知己","zhījǐ","形、名",""
"1-10678","支架","zhījià","名、动",""
"1-10679","知觉","zhījué","名",""
"1-10680","支流","zhīliú","名",""
"1-10681","芝麻","zhīma","名",""
"1-10682","支配","zhīpèi","动",""
"1-10683","支票","zhīpiào","名",""
"1-10684","知识分子","zhīshi fènzǐ","",""
"1-10685","肢体","zhītǐ","名",""
"1-10686","支援","zhīyuán","动",""
"1-10687","支柱","zhīzhù","名",""
"1-10688","知足","zhīzú","形",""
"1-10689","知足常乐","zhīzú-chánglè","",""
"1-10690","职称","zhíchēng","名",""
"1-10691","直达","zhídá","动",""
"1-10692","执法","zhífǎ","动",""
"1-10693","直观","zhíguān","形",""
"1-10694","直径","zhíjìng","名",""
"1-10695","直觉","zhíjué","名",""
"1-10696","职能","zhínéng","名",""
"1-10697","值钱","zhíqián","形",""
"1-10698","直升机","zhíshēngjī","名",""
"1-10699","直视","zhíshì","动",""
"1-10700","直线","zhíxiàn","名、形",""
"1-10701","直辖市","zhíxiáshì","名",""
"1-10702","执意","zhíyì","副",""
"1-10703","执照","zhízhào","名",""
"1-10704","直至","zhízhì","动",""
"1-10705","执着","zhízhuó","形",""
"1-10706","纸币","zhǐbì","名",""
"1-10707","指标","zhǐbiāo","名",""
"1-10708","止步","zhǐbù","动",""
"1-10709","指点","zhǐdiǎn","动",""
"1-10710","只管","zhǐguǎn","副",""
"1-10711","指甲","zhǐjia","名",""
"1-10712","指教","zhǐjiào","动",""
"1-10713","指控","zhǐkòng","动",""
"1-10714","指令","zhǐlìng","动、名",""
"1-10715","指南","zhǐnán","名",""
"1-10716","纸上谈兵","zhǐshàng-tánbīng","",""
"1-10717","指手画脚","zhǐshǒu-huàjiǎo","",""
"1-10718","指数","zhǐshù","名",""
"1-10719","指望","zhǐwàng","动、名",""
"1-10720","指纹","zhǐwén","名",""
"1-10721","指向","zhǐxiàng","动、名",""
"1-10722","指引","zhǐyǐn","动",""
"1-10723","旨在","zhǐzài","动",""
"1-10724","致","zhì","动",""
"1-10725","置","zhì","动",""
"1-10726","治安","zhì’ān","名",""
"1-10727","制裁","zhìcái","动",""
"1-10728","致辞","zhìcí","动",""
"1-10729","至此","zhìcǐ","动",""
"1-10730","质地","zhìdì","名",""
"1-10731","制服1","zhìfú","名",""
"1-10732","制服2","zhìfú","动",""
"1-10733","致富","zhìfù","动",""
"1-10734","滞后","zhìhòu","动",""
"1-10735","致敬","zhìjìng","动",""
"1-10736","滞留","zhìliú","动",""
"1-10737","致力于","zhìlìyú","动",""
"1-10738","致命","zhìmìng","动",""
"1-10739","稚嫩","zhìnèn","形",""
"1-10740","质朴","zhìpǔ","形",""
"1-10741","志气","zhìqì","名",""
"1-10742","智商","zhìshāng","名",""
"1-10743","致使","zhìshǐ","动、连",""
"1-10744","质问","zhìwèn","动",""
"1-10745","窒息","zhìxī","动",""
"1-10746","志向","zhìxiàng","名",""
"1-10747","治愈","zhìyù","动",""
"1-10748","志愿","zhìyuàn","名、动",""
"1-10749","制约","zhìyuē","动",""
"1-10750","制止","zhìzhǐ","动",""
"1-10751","钟","zhōng","名",""
"1-10752","忠诚","zhōngchéng","形",""
"1-10753","终端","zhōngduān","名",""
"1-10754","忠告","zhōnggào","动、名",""
"1-10755","终极","zhōngjí","名",""
"1-10756","终结","zhōngjié","动",""
"1-10757","终究","zhōngjiū","副",""
"1-10758","中立","zhōnglì","动",""
"1-10759","终生","zhōngshēng","名",""
"1-10760","忠实","zhōngshí","形、动",""
"1-10761","中途","zhōngtú","名",""
"1-10762","忠心","zhōngxīn","名",""
"1-10763","衷心","zhōngxīn","形",""
"1-10764","中性","zhōngxìng","名、形",""
"1-10765","中叶","zhōngyè","名",""
"1-10766","中庸","zhōngyōng","名、形",""
"1-10767","忠于","zhōngyú","动",""
"1-10768","忠贞","zhōngzhēn","形",""
"1-10769","中止","zhōngzhǐ","动",""
"1-10770","终止","zhōngzhǐ","动",""
"1-10771","肿瘤","zhǒngliú","名",""
"1-10772","种族","zhǒngzú","名",""
"1-10773","仲裁","zhòngcái","动",""
"1-10774","重创","zhòngchuāng","动",""
"1-10775","重量级","zhòngliàngjí","形",""
"1-10776","重任","zhòngrèn","名",""
"1-10777","重型","zhòngxíng","形",""
"1-10778","重用","zhòngyòng","动",""
"1-10779","众志成城","zhòngzhì-chéngchéng","",""
"1-10780","重中之重","zhòngzhōngzhīzhòng","",""
"1-10781","周密","zhōumì","形",""
"1-10782","周岁","zhōusuì","名",""
"1-10783","周旋","zhōuxuán","动",""
"1-10784","周折","zhōuzhé","名",""
"1-10785","周转","zhōuzhuǎn","动",""
"1-10786","皱","zhòu","名、动",""
"1-10787","骤然","zhòurán","副",""
"1-10788","皱纹","zhòuwén","名",""
"1-10789","昼夜","zhòuyè","名",""
"1-10790","朱红","zhūhóng","形",""
"1-10791","诸如此类","zhūrú-cǐlèi","",""
"1-10792","诸位","zhūwèi","代",""
"1-10793","竹竿","zhúgān","名",""
"1-10794","逐年","zhúnián","副",""
"1-10795","逐一","zhúyī","副",""
"1-10796","拄","zhǔ","动",""
"1-10797","主编","zhǔbiān","动、名",""
"1-10798","主打","zhǔdǎ","动",""
"1-10799","嘱咐","zhǔfù","动",""
"1-10800","主力","zhǔlì","名",""
"1-10801","主权","zhǔquán","名",""
"1-10802","主人公","zhǔréngōng","名",""
"1-10803","主体","zhǔtǐ","名",""
"1-10804","主题曲","zhǔtíqǔ","名",""
"1-10805","嘱托","zhǔtuō","动",""
"1-10806","主页","zhǔyè","名",""
"1-10807","主义","zhǔyì","名",""
"1-10808","主宰","zhǔzǎi","动、名",""
"1-10809","注","zhù","动、名",""
"1-10810","驻","zhù","动",""
"1-10811","筑","zhù","动",""
"1-10812","贮藏","zhùcáng","动",""
"1-10813","著称","zhùchēng","动",""
"1-10814","住处","zhùchù","名",""
"1-10815","注定","zhùdìng","动",""
"1-10816","住户","zhùhù","名",""
"1-10817","助力","zhùlì","动、名",""
"1-10818","注射","zhùshè","动",""
"1-10819","注视","zhùshì","动",""
"1-10820","注释","zhùshì","动、名",""
"1-10821","助威","zhùwēi","动",""
"1-10822","注销","zhùxiāo","动",""
"1-10823","蛀牙","zhùyá","名",""
"1-10824","铸造","zhùzào","动",""
"1-10825","驻扎","zhùzhā","动",""
"1-10826","柱子","zhùzi","名",""
"1-10827","驻足","zhùzú","动",""
"1-10828","爪子","zhuǎzi","名",""
"1-10829","拽","zhuài","动",""
"1-10830","专长","zhuāncháng","名",""
"1-10831","专程","zhuānchéng","副",""
"1-10832","专柜","zhuānguì","名",""
"1-10833","专辑","zhuānjí","名",""
"1-10834","专栏","zhuānlán","名",""
"1-10835","专卖","zhuānmài","动",""
"1-10836","专人","zhuānrén","名",""
"1-10837","专项","zhuānxiàng","名",""
"1-10838","专职","zhuānzhí","名",""
"1-10839","专制","zhuānzhì","动、形",""
"1-10840","专著","zhuānzhù","名",""
"1-10841","转播","zhuǎnbō","动",""
"1-10842","转达","zhuǎndá","动",""
"1-10843","转化","zhuǎnhuà","动",""
"1-10844","转机2","zhuǎnjī","名",""
"1-10845","转型","zhuǎnxíng","动",""
"1-10846","转眼","zhuǎnyǎn","动",""
"1-10847","转载","zhuǎnzǎi","动",""
"1-10848","转折","zhuǎnzhé","动",""
"1-10849","转折点","zhuǎnzhédiǎn","名",""
"1-10850","传","zhuàn","名",""
"1-10851","传记","zhuànjì","名",""
"1-10852","撰写","zhuànxiě","动",""
"1-10853","转悠","zhuànyou","动",""
"1-10854","桩","zhuāng","名、量",""
"1-10855","装扮","zhuāngbàn","动",""
"1-10856","庄严","zhuāngyán","形",""
"1-10857","庄园","zhuāngyuán","名",""
"1-10858","装置","zhuāngzhì","动、名",""
"1-10859","庄重","zhuāngzhòng","形",""
"1-10860","幢","zhuàng","量",""
"1-10861","壮","zhuàng","形、动",""
"1-10862","壮大","zhuàngdà","形、动",""
"1-10863","壮观","zhuàngguān","名、形",""
"1-10864","撞击","zhuàngjī","动",""
"1-10865","壮丽","zhuànglì","形",""
"1-10866","壮烈","zhuàngliè","形",""
"1-10867","状元","zhuàngyuan","名",""
"1-10868","追悼","zhuīdào","动",""
"1-10869","追赶","zhuīgǎn","动",""
"1-10870","追捧","zhuīpěng","动",""
"1-10871","追溯","zhuīsù","动",""
"1-10872","追随","zhuīsuí","动",""
"1-10873","追尾","zhuīwěi","动",""
"1-10874","追问","zhuīwèn","动",""
"1-10875","追逐","zhuīzhú","动",""
"1-10876","追踪","zhuīzōng","动",""
"1-10877","坠","zhuì","动、名",""
"1-10878","坠落","zhuìluò","动",""
"1-10879","准许","zhǔnxǔ","动",""
"1-10880","准则","zhǔnzé","名",""
"1-10881","拙劣","zhuōliè","形",""
"1-10882","捉迷藏","zhuōmícáng","",""
"1-10883","着力","zhuólì","动",""
"1-10884","着落","zhuóluò","名",""
"1-10885","酌情","zhuóqíng","动",""
"1-10886","灼热","zhuórè","形",""
"1-10887","着实","zhuóshí","副",""
"1-10888","着手","zhuóshǒu","动",""
"1-10889","着想","zhuóxiǎng","动",""
"1-10890","着眼","zhuóyǎn","动",""
"1-10891","卓越","zhuóyuè","形",""
"1-10892","着重","zhuózhòng","动",""
"1-10893","茁壮","zhuózhuàng","形",""
"1-10894","兹","zī","代",""
"1-10895","资本主义","zīběn zhǔyì","",""
"1-10896","资历","zīlì","名",""
"1-10897","滋润","zīrùn","形、动",""
"1-10898","资深","zīshēn","形",""
"1-10899","滋生","zīshēng","动",""
"1-10900","姿态","zītài","名",""
"1-10901","滋味","zīwèi","名",""
"1-10902","资讯","zīxùn","名",""
"1-10903","资质","zīzhì","名",""
"1-10904","资助","zīzhù","动",""
"1-10905","籽","zǐ","名",""
"1-10906","子弹","zǐdàn","名",""
"1-10907","子弟","zǐdì","名",""
"1-10908","子孙","zǐsūn","名",""
"1-10909","自卑","zìbēi","形",""
"1-10910","自称","zìchēng","动、名",""
"1-10911","自发","zìfā","形",""
"1-10912","自费","zìfèi","动",""
"1-10913","自负1","zìfù","动",""
"1-10914","自负2","zìfù","形",""
"1-10915","字迹","zìjì","名",""
"1-10916","自立","zìlì","动",""
"1-10917","自理","zìlǐ","动",""
"1-10918","自力更生","zìlì-gēngshēng","",""
"1-10919","自满","zìmǎn","形",""
"1-10920","自强不息","zìqiáng-bùxī","",""
"1-10921","自然而然","zìrán’érrán","",""
"1-10922","自然界","zìránjiè","名",""
"1-10923","自如","zìrú","形",""
"1-10924","自始至终","zìshǐ-zhìzhōng","",""
"1-10925","自首","zìshǒu","动",""
"1-10926","自私","zìsī","形",""
"1-10927","字体","zìtǐ","名",""
"1-10928","自卫","zìwèi","动",""
"1-10929","自相矛盾","zìxiāng-máodùn","",""
"1-10930","自行","zìxíng","副",""
"1-10931","字眼","zìyǎn","名",""
"1-10932","自以为是","zìyǐwéishì","",""
"1-10933","自在","zìzai","形",""
"1-10934","自责","zìzé","动",""
"1-10935","自治区","zìzhìqū","名",""
"1-10936","自主","zìzhǔ","动",""
"1-10937","自尊","zìzūn","动",""
"1-10938","宗","zōng","量",""
"1-10939","踪迹","zōngjì","名",""
"1-10940","宗教","zōngjiào","名",""
"1-10941","综艺","zōngyì","名",""
"1-10942","宗旨","zōngzhǐ","名",""
"1-10943","总额","zǒng’é","名",""
"1-10944","总而言之","zǒng’éryánzhī","",""
"1-10945","总和","zǒnghé","名",""
"1-10946","纵观","zòngguān","动",""
"1-10947","纵横","zònghéng","形、动",""
"1-10948","纵然","zòngrán","连",""
"1-10949","纵容","zòngróng","动",""
"1-10950","纵深","zòngshēn","名",""
"1-10951","走过场","zǒu guòchǎng","",""
"1-10952","走弯路","zǒu wānlù","",""
"1-10953","走漏","zǒulòu","动",""
"1-10954","走势","zǒushì","名",""
"1-10955","走私","zǒusī","动",""
"1-10956","走投无路","zǒutóu-wúlù","",""
"1-10957","走向","zǒuxiàng","名",""
"1-10958","揍","zòu","动",""
"1-10959","奏效","zòuxiào","动",""
"1-10960","租赁","zūlìn","动",""
"1-10961","足不出户","zúbùchūhù","",""
"1-10962","足迹","zújì","名",""
"1-10963","足智多谋","zúzhì-duōmóu","",""
"1-10964","祖传","zǔchuán","动",""
"1-10965","祖父","zǔfù","名",""
"1-10966","祖籍","zǔjí","名",""
"1-10967","组建","zǔjiàn","动",""
"1-10968","阻拦","zǔlán","动",""
"1-10969","阻力","zǔlì","名",""
"1-10970","祖母","zǔmǔ","名",""
"1-10971","阻挠","zǔnáo","动",""
"1-10972","组装","zǔzhuāng","动",""
"1-10973","祖宗","zǔzong","名",""
"1-10974","钻空子","zuān kòngzi","",""
"1-10975","钻研","zuānyán","动",""
"1-10976","钻石","zuànshí","名",""
"1-10977","嘴唇","zuǐchún","名",""
"1-10978","罪犯","zuìfàn","名",""
"1-10979","罪魁祸首","zuìkuí-huòshǒu","",""
"1-10980","尊贵","zūnguì","形",""
"1-10981","遵循","zūnxún","动",""
"1-10982","尊严","zūnyán","名",""
"1-10983","遵照","zūnzhào","动",""
"1-10984","琢磨","zuómo","动",""
"1-10985","左顾右盼","zuǒgù-yòupàn","",""
"1-10986","作弊","zuòbì","动",""
"1-10987","作对","zuòduì","动",""
"1-10988","作废","zuòfèi","动",""
"1-10989","作风","zuòfēng","名",""
"1-10990","作客","zuòkè","动",""
"1-10991","作料","zuòliao","名",""
"1-10992","坐落","zuòluò","动",""
"1-10993","座谈","zuòtán","动",""
"1-10994","作为2","zuòwéi","名、动",""
"1-10995","作物","zuòwù","名",""
"1-10996","作息","zuòxī","动",""
"1-10997","座右铭","zuòyòumíng","名",""
"1-10998","作战","zuòzhàn","动",""
"1-10999","做证","zuòzhèng","动",""
"1-11000","做主","zuòzhǔ","动",""
